feature,bin,count,event_rate,woe,coefficient,points
contact_rate_6m,"(-inf, 0.29)",9071,0.5952,-0.4178,-0.9116,233
contact_rate_6m,"[0.29, 0.42)",3110,0.5601,-0.274,-0.9116,237
contact_rate_6m,"[0.42, 0.55)",14626,0.4747,0.069,-0.9116,246
contact_rate_6m,"[0.55, 0.71)",3280,0.461,0.1241,-0.9116,247
contact_rate_6m,"[0.71, 0.92)",2061,0.4425,0.1987,-0.9116,249
contact_rate_6m,"[0.92, inf)",8456,0.4099,0.3321,-0.9116,253
contact_rate_6m,Special,0,0.0,0.0,-0.9116,244
contact_rate_6m,Missing,0,0.0,0.0,-0.9116,244
dpd,"(-inf, 9.50)",4379,0.4037,0.3576,-0.85653,253
dpd,"[9.50, 60.50)",10820,0.448,0.1766,-0.85653,248
dpd,"[60.50, 90.50)",6550,0.4875,0.0178,-0.85653,244
dpd,"[90.50, 169.50)",10926,0.5139,-0.088,-0.85653,242
dpd,"[169.50, 213.50)",3987,0.5495,-0.2311,-0.85653,238
dpd,"[213.50, inf)",3942,0.5987,-0.4323,-0.85653,233
dpd,Special,0,0.0,0.0,-0.85653,244
dpd,Missing,0,0.0,0.0,-0.85653,244
