feature,Bin,Count,Count (%),Non-event,Event,Event rate,WoE,IV,JS
cibil_score,"(-inf, 350.50)",4088,0.07465439471137164,611,3477,0.8505381604696673,-0.9255888372153096,0.05121326123684083,0.006182502039632347
cibil_score,"[350.50, 422.50)",7093,0.12953121861246553,1466,5627,0.7933173551388694,-0.5317995013657268,0.03253393622414816,0.004019487974002742
cibil_score,"[422.50, 517.50)",9779,0.17858251611607223,2460,7319,0.7484405358421107,-0.2770730210538628,0.012935996894986127,0.001611847043419854
cibil_score,"[517.50, 714.50)",19890,0.3632279625267079,6372,13518,0.6796380090497738,0.061130596990595976,0.0013731206308508568,0.00017161335841670792
cibil_score,"[714.50, 792.50)",7102,0.12969557515659527,2732,4370,0.6153196282737257,0.3435102682220012,0.016218974064484127,0.0020174623464534504
cibil_score,"[792.50, inf)",6807,0.12430833287678737,3181,3626,0.5326869399147935,0.682304836055304,0.06380784975203965,0.007824781004613781
cibil_score,Special,0,0.0,0,0,0.0,0.0,0.0,0.0
cibil_score,Missing,0,0.0,0,0,0.0,0.0,0.0,0.0
cibil_score,,54759,1.0,16822,37937,0.6927993571832941,,0.17808313880334975,0.021827693766538883
sanction_amount,"(-inf, 94500.00)",14626,0.2670976460490513,5051,9575,0.6546560918911527,0.17367004404016206,0.008313487484788868,0.0010378819359717437
sanction_amount,"[94500.00, 158500.00)",14895,0.2720100805347066,4820,10075,0.6764014770057066,0.07595615585071835,0.0015918644659718444,0.00019893523868878913
sanction_amount,"[158500.00, 237500.00)",10801,0.19724611479391516,3266,7535,0.6976205906860475,-0.02275350190922909,0.00010166823264306152,1.2708254942335852e-05
sanction_amount,"[237500.00, 298500.00)",4427,0.08084515787359156,1249,3178,0.7178676304495143,-0.12066950135012733,0.0011490696544719972,0.00014354662566945075
sanction_amount,"[298500.00, 355500.00)",2985,0.054511587136361145,804,2181,0.7306532663316583,-0.1847001614017063,0.0017907594068719169,0.0002235272892843654
sanction_amount,"[355500.00, inf)",7025,0.12828941361237423,1632,5393,0.7676868327402135,-0.38205622419221896,0.017246369797747577,0.0021427797156943103
sanction_amount,Special,0,0.0,0,0,0.0,0.0,0.0,0.0
sanction_amount,Missing,0,0.0,0,0,0.0,0.0,0.0,0.0
sanction_amount,,54759,1.0,16822,37937,0.6927993571832941,,0.030193219042495265,0.0037593790602509954
emi_amount,"(-inf, 3028.50)",12056,0.22016472178089447,4256,7800,0.6469807564698076,0.20744535396475328,0.009832493524840375,0.0012268626332828363
emi_amount,"[3028.50, 5548.00)",14766,0.26965430340218044,4867,9899,0.6703914397941216,0.1032833245346032,0.0029323071739102377,0.00036637556574190683
emi_amount,"[5548.00, 8607.00)",11084,0.2024142150148834,3393,7691,0.6938830747022735,-0.005096992651867138,5.253412631397391e-06,6.566758680913941e-07
emi_amount,"[8607.00, 11521.00)",5697,0.10403769243412042,1631,4066,0.7137089696331402,-0.10022705594632197,0.001024453078524072,0.00012800306221618903
emi_amount,"[11521.00, 16879.50)",5312,0.09700688471301522,1402,3910,0.7360692771084337,-0.21239824976391986,0.004188996397354153,0.0005226425026791503
emi_amount,"[16879.50, inf)",5844,0.10672218265490604,1273,4571,0.7821697467488022,-0.4651163441533819,0.020843965921787923,0.002582261233017089
emi_amount,Special,0,0.0,0,0,0.0,0.0,0.0,0.0
emi_amount,Missing,0,0.0,0,0,0.0,0.0,0.0,0.0
emi_amount,,54759,1.0,16822,37937,0.6927993571832941,,0.038827469509048154,0.004826801672805263
tenure_months,"(-inf, 18.00)",5986,0.10931536368450848,1601,4385,0.7325425993985967,-0.19432185618861242,0.003966765721147929,0.0004950670342164934
tenure_months,"[18.00, 30.00)",14654,0.2676089775196771,4438,10216,0.697147536508803,-0.020511958598879887,0.000112146483568951,1.401806469836426e-05
tenure_months,"[30.00, 42.00)",17541,0.3203309045088479,5462,12079,0.6886152442848185,0.01958595104932792,0.0001233437940158069,1.541772781997377e-05
tenure_months,"[42.00, inf)",16578,0.3027447542869665,5321,11257,0.6790324526480879,0.06391043386252127,0.0012515698636440256,0.00015641961291476113
tenure_months,Special,0,0.0,0,0,0.0,0.0,0.0,0.0
tenure_months,Missing,0,0.0,0,0,0.0,0.0,0.0,0.0
tenure_months,,54759,1.0,16822,37937,0.6927993571832941,,0.005453825862376712,0.0006809224396495926
interest_rate,"(-inf, 9.03)",4465,0.08153910772658375,1507,2958,0.6624860022396416,0.13884689097670655,0.001612525246460868,0.0002014039002476921
interest_rate,"[9.03, 12.60)",10982,0.20055150751474643,3546,7436,0.6771079949007467,0.0727264734137748,0.0010753491913940195,0.00013438903346259506
interest_rate,"[12.60, 16.68)",19255,0.3516316952464435,5998,13257,0.6884964944170345,0.020139701131061116,0.0001431755746225279,1.7896644369909528e-05
interest_rate,"[16.68, 18.68)",8410,0.15358205957011634,2510,5900,0.7015457788347206,-0.04143026214702494,0.0002614923467045212,3.268420581532729e-05
interest_rate,"[18.68, 21.24)",7091,0.12949469493599225,2063,5028,0.7090678324636863,-0.07762172101792963,0.0007683383313067958,9.601818753121258e-05
interest_rate,"[21.24, inf)",4556,0.08320093500611772,1198,3358,0.7370500438981563,-0.2174527233411354,0.0037616941055488773,0.00046928751940917505
interest_rate,Special,0,0.0,0,0,0.0,0.0,0.0,0.0
interest_rate,Missing,0,0.0,0,0,0.0,0.0,0.0,0.0
interest_rate,,54759,1.0,16822,37937,0.6927993571832941,,0.007622574796037609,0.0009516794908359116
months_on_book,"(-inf, 2.50)",3904,0.07129421647583045,1565,2339,0.5991290983606558,0.4114016720110306,0.01290899631899768,0.001602340470579779
months_on_book,"[2.50, 3.50)",4789,0.08745594331525411,1786,3003,0.6270620171225726,0.29360602907406996,0.007931162149055529,0.0009878495993521372
months_on_book,"[3.50, 4.50)",5570,0.10171843897806754,1934,3636,0.6527827648114901,0.1819455563368263,0.003479778873683606,0.0004343733753016865
months_on_book,"[4.50, 5.50)",5076,0.0926970908891689,1600,3476,0.6847911741528763,0.03736075746354606,0.00013031252860094312,1.628811877850986e-05
months_on_book,"[5.50, 6.50)",4433,0.08095472890301138,1267,3166,0.7141890367696819,-0.10257772449886204,0.0008345838306610395,0.00010427726512550386
months_on_book,"[6.50, inf)",30987,0.5658795814386676,8670,22317,0.7202052473617969,-0.13224059346390737,0.00963614064419499,0.001203640676764272
months_on_book,Special,0,0.0,0,0,0.0,0.0,0.0,0.0
months_on_book,Missing,0,0.0,0,0,0.0,0.0,0.0,0.0
months_on_book,,54759,1.0,16822,37937,0.6927993571832941,,0.034920974345193784,0.004348769505901889
is_secured,"(-inf, 0.50)",32976,0.6022023776913384,9638,23338,0.7077268316351286,-0.07112997954481859,0.0030043594393976618,0.00037546578078838724
is_secured,"[0.50, inf)",21783,0.3977976223086616,7184,14599,0.6702015333057889,0.104142633403012,0.0043987346223110495,0.0005495934869148757
is_secured,Special,0,0.0,0,0,0.0,0.0,0.0,0.0
is_secured,Missing,0,0.0,0,0,0.0,0.0,0.0,0.0
is_secured,,54759,1.0,16822,37937,0.6927993571832941,,0.007403094061708712,0.000925059267703263
dpd,"(-inf, 24.50)",14600,0.26662283825489874,6901,7699,0.5273287671232877,0.7038152139635083,0.14589728734305124,0.01786983152105316
dpd,"[24.50, 52.50)",11073,0.20221333479428039,4269,6804,0.614467623950149,0.347108268863166,0.0258334786679926,0.0032130708001199236
dpd,"[52.50, 83.50)",9970,0.1820705272192699,2870,7100,0.7121364092276831,-0.092543418654784,0.0015308965999361694,0.00019129381758569396
dpd,"[83.50, 129.50)",9799,0.17894775288080497,1844,7955,0.8118175324012654,-0.6486242010343914,0.06490872660488088,0.007974287895355592
dpd,"[129.50, 172.50)",5837,0.10659434978724959,699,5138,0.8802467020729827,-1.1815290998150625,0.11092471055413555,0.013111469299252415
dpd,"[172.50, inf)",3480,0.0635511970634964,239,3241,0.9313218390804597,-1.7939343155890808,0.12777032407858852,0.014124180570592997
dpd,Special,0,0.0,0,0,0.0,0.0,0.0,0.0
dpd,Missing,0,0.0,0,0,0.0,0.0,0.0,0.0
dpd,,54759,1.0,16822,37937,0.6927993571832941,,0.476865423848585,0.05648413390395978
outstanding_principal,"(-inf, 61516.66)",16216,0.29613396884530396,5406,10810,0.6666255550074001,0.12027715182409526,0.004380347670540408,0.0005472136520098727
outstanding_principal,"[61516.66, 112958.34)",13182,0.24072755163534762,4285,8897,0.6749355181307845,0.08264574640806899,0.001669904004462532,0.00020867861470459832
outstanding_principal,"[112958.34, 152111.12)",7198,0.1314487116273124,2280,4918,0.6832453459294249,0.0445128347933047,0.00026266229785018943,3.283007688989741e-05
outstanding_principal,"[152111.12, 209975.00)",6691,0.1221899596413375,1925,4766,0.7123001046181437,-0.0933420753158467,0.0010450441422441116,0.00013058311550788026
outstanding_principal,"[209975.00, 254875.00)",3152,0.05756131412187951,888,2264,0.7182741116751269,-0.12267736070994695,0.0008452312303327628,0.00010558770097083658
outstanding_principal,"[254875.00, inf)",8320,0.15193849412881902,2038,6282,0.755048076923077,-0.3124801306949656,0.013886444187616025,0.0017287777100832846
outstanding_principal,Special,0,0.0,0,0,0.0,0.0,0.0,0.0
outstanding_principal,Missing,0,0.0,0,0,0.0,0.0,0.0,0.0
outstanding_principal,,54759,1.0,16822,37937,0.6927993571832941,,0.02208963353304603,0.00275367087016637
overdue_amount,"(-inf, 2135.50)",3428,0.06260158147519129,1992,1436,0.41890315052508753,1.1405170241573301,0.09188476275289646,0.010900950779723261
overdue_amount,"[2135.50, 6282.50)",11641,0.21258605891269014,5008,6633,0.5697964092431922,0.5322187788753345,0.06538993396461758,0.008078618126662915
overdue_amount,"[6282.50, 13702.53)",14025,0.2561222812688325,4685,9340,0.6659536541889483,0.12329899907059072,0.003983383291645252,0.0004976077449962441
overdue_amount,"[13702.53, 29146.00)",13076,0.23879179678226412,3183,9893,0.7565769348424595,-0.32076395242017375,0.022953207545419876,0.0028569136437312306
overdue_amount,"[29146.00, 57392.00)",7831,0.14300845523110356,1413,6418,0.8195632741667731,-0.7001521033643181,0.05963760132906047,0.007306070752677141
overdue_amount,"[57392.00, inf)",4758,0.08688982632991837,541,4217,0.8862967633459437,-1.2402206392791215,0.09797458557339749,0.011517729296058
overdue_amount,Special,0,0.0,0,0,0.0,0.0,0.0,0.0
overdue_amount,Missing,0,0.0,0,0,0.0,0.0,0.0,0.0
overdue_amount,,54759,1.0,16822,37937,0.6927993571832941,,0.3418234744570371,0.04115789034384879
penal_charges,"(-inf, 40.47)",20193,0.36876129951240894,9290,10903,0.5399395830238202,0.6531399077224583,0.17298768020175387,0.0212471256950146
penal_charges,"[40.47, 156.57)",5686,0.10383681221351741,2105,3581,0.6297924727400633,0.2819127117390051,0.008666114343916283,0.0010796913125693435
penal_charges,"[156.57, 517.60)",8463,0.1545499369966581,2348,6115,0.7225570128795935,-0.14394153155232958,0.003110456055891092,0.0003884716978129173
penal_charges,"[517.60, 1365.80)",8360,0.15266896765828447,1668,6692,0.8004784688995216,-0.576048143567067,0.044495021233376404,0.005486231051119783
penal_charges,"[1365.80, 3533.35)",7031,0.12839898464179406,996,6035,0.8583416299246195,-0.9883445403260775,0.09870730036352378,0.011859539416849564
penal_charges,"[3533.35, inf)",5026,0.09178399897733706,415,4611,0.9174293672900915,-1.5946821763550516,0.15448250261584365,0.01749348457939434
penal_charges,Special,0,0.0,0,0,0.0,0.0,0.0,0.0
penal_charges,Missing,0,0.0,0,0,0.0,0.0,0.0,0.0
penal_charges,,54759,1.0,16822,37937,0.6927993571832941,,0.4824490748143051,0.05755454375276055
total_outstanding,"(-inf, 33648.82)",5167,0.09435891816870286,1932,3235,0.6260886394426166,0.2977661434584187,0.008806924764384914,0.0010968165448108627
total_outstanding,"[33648.82, 61920.33)",7717,0.14092660567212695,2702,5015,0.6498639367629908,0.19479815374506448,0.005538140275746735,0.0006911750650366102
total_outstanding,"[61920.33, 122654.59)",14819,0.2706221808287222,4913,9906,0.6684661583102773,0.11198345464142156,0.003464869324481579,0.00043288250277587724
total_outstanding,"[122654.59, 163364.63)",7229,0.13201482861264816,2260,4969,0.6873703140130032,0.02538553628496698,8.548752774589529e-05,1.0685654048634232e-05
total_outstanding,"[163364.63, 302738.53)",11946,0.2181559195748644,3266,8680,0.726603047045036,-0.16421619850302915,0.005690068681452778,0.0007104604744712414
total_outstanding,"[302738.53, inf)",7881,0.1439215471429354,1749,6132,0.7780738484963837,-0.4412374293521468,0.025444135865619503,0.0031549648695700476
total_outstanding,Special,0,0.0,0,0,0.0,0.0,0.0,0.0
total_outstanding,Missing,0,0.0,0,0,0.0,0.0,0.0,0.0
total_outstanding,,54759,1.0,16822,37937,0.6927993571832941,,0.0490296264394314,0.006096985110713273
arrears_ratio,"(-inf, 1.00)",3736,0.06822622765207546,2225,1511,0.40444325481798715,1.2002245679485573,0.11094645289253924,0.013091583701944555
arrears_ratio,"[1.00, 1.92)",16095,0.2939242864186709,6792,9303,0.5780055917986953,0.4986478558435806,0.0790529596076126,0.00978049847736448
arrears_ratio,"[1.92, 2.82)",11827,0.2159827608247046,3968,7859,0.6644964910797329,0.12984215315954462,0.003729371242842807,0.0004658442154512445
arrears_ratio,"[2.82, 3.99)",9199,0.16799064993882284,2144,7055,0.7669311881726275,-0.3778240064752656,0.02210801701263219,0.0027471813649084173
arrears_ratio,"[3.99, 5.97)",9685,0.1768659033218284,1396,8289,0.8558595766649458,-0.9680789946482522,0.13118172572343506,0.015785976797813395
arrears_ratio,"[5.97, inf)",4217,0.0770101718438978,297,3920,0.9295707849181882,-1.7668754583608517,0.1513748506912891,0.016790312475513113
arrears_ratio,Special,0,0.0,0,0,0.0,0.0,0.0,0.0
arrears_ratio,Missing,0,0.0,0,0,0.0,0.0,0.0,0.0
arrears_ratio,,54759,1.0,16822,37937,0.6927993571832941,,0.498393377170351,0.05866139703299521
penal_ratio,"(-inf, 0.00)",17244,0.3149071385525667,8032,9212,0.5342147993504988,0.6761659166118906,0.15865986509880722,0.019463104741047392
penal_ratio,"[0.00, 0.00)",8910,0.1627129786884348,3316,5594,0.6278338945005612,0.2903039781142367,0.014418766947003154,0.001796043450157131
penal_ratio,"[0.00, 0.00)",7213,0.13172263920086197,2040,5173,0.7171773187300707,-0.11726364754429708,0.001769259817578548,0.00022103085241646607
penal_ratio,"[0.00, 0.01)",7373,0.13464453331872386,1604,5769,0.7824494778244948,-0.4667589102094738,0.026472967392743695,0.0032794052944475783
penal_ratio,"[0.01, 0.02)",8420,0.1537646779524827,1268,7152,0.8494061757719715,-0.9167118462352226,0.10372190807893253,0.012529517024079478
penal_ratio,"[0.02, inf)",5599,0.10224803228693,562,5037,0.8996249330237542,-1.3798247602310032,0.13710507757550414,0.015896107534773884
penal_ratio,Special,0,0.0,0,0,0.0,0.0,0.0,0.0
penal_ratio,Missing,0,0.0,0,0,0.0,0.0,0.0,0.0
penal_ratio,,54759,1.0,16822,37937,0.6927993571832941,,0.44214784491056924,0.05318520889692193
outstanding_to_sanction,"(-inf, 0.91)",32412,0.5919027009258752,10269,22143,0.6831728989263236,0.044847564381089056,0.0012006768011038013,0.0001500720236626363
outstanding_to_sanction,"[0.91, 0.95)",10482,0.19142058839642798,3133,7349,0.7011066590345354,-0.03933390195572328,0.000293890855257873,3.673398888752238e-05
outstanding_to_sanction,"[0.95, 0.99)",7202,0.13152175898025895,2119,5083,0.7057761732851986,-0.06171802355764733,0.0004949350065803504,6.185705860852451e-05
outstanding_to_sanction,"[0.99, inf)",4663,0.08515495169743786,1301,3362,0.7209950675530774,-0.13616349983509968,0.0015361161572175041,0.00019186632181995887
outstanding_to_sanction,Special,0,0.0,0,0,0.0,0.0,0.0,0.0
outstanding_to_sanction,Missing,0,0.0,0,0,0.0,0.0,0.0,0.0
outstanding_to_sanction,,54759,1.0,16822,37937,0.6927993571832941,,0.003525618820159529,0.0004405293929786421
paid_ratio_3m,"(-inf, 0.06)",27619,0.5043737102576745,6597,21022,0.7611426916253304,-0.3457151725394727,0.055993478661517986,0.0069645361606831754
paid_ratio_3m,"[0.06, 0.32)",4825,0.08811336949177304,1217,3608,0.7477720207253886,-0.2735254525740314,0.006225249158318713,0.0007757394052441465
paid_ratio_3m,"[0.32, 0.39)",7208,0.13163133000967878,2339,4869,0.6754994450610433,0.08007424602243407,0.0008567742952123559,0.00010706818389344484
paid_ratio_3m,"[0.39, 0.65)",4043,0.07383261199072298,1432,2611,0.6458075686371506,0.21257811444241836,0.0034654462096302893,0.0004323669811940457
paid_ratio_3m,"[0.65, 0.93)",6016,0.10986321883160759,2545,3471,0.5769614361702128,0.5029272487437929,0.030073130842932456,0.0037200181382248607
paid_ratio_3m,"[0.93, inf)",5048,0.09218575941854307,2692,2356,0.46671949286846276,0.9465584816140973,0.09269228253414281,0.011172478197850624
paid_ratio_3m,Special,0,0.0,0,0,0.0,0.0,0.0,0.0
paid_ratio_3m,Missing,0,0.0,0,0,0.0,0.0,0.0,0.0
paid_ratio_3m,,54759,1.0,16822,37937,0.6927993571832941,,0.18930636170175463,0.0231722070670903
paid_ratio_6m,"(-inf, 0.16)",27723,0.5062729414342848,7004,20719,0.7473577895610143,-0.2713304036337838,0.03521400847724715,0.0043882981611132535
paid_ratio_6m,"[0.16, 0.30)",9430,0.17220913457148596,2772,6658,0.7060445387062566,-0.0630107222042201,0.0006753034368724225,8.439896784029474e-05
paid_ratio_6m,"[0.30, 0.38)",4262,0.07783195456454647,1406,2856,0.6701079305490381,0.10456608453209104,0.0008677227584734198,0.00010841595650710198
paid_ratio_6m,"[0.38, 0.54)",4844,0.08846034441826914,1713,3131,0.6463666391412056,0.2101331126186704,0.004055436729460247,0.0005059989810813868
paid_ratio_6m,"[0.54, 0.82)",4677,0.08541061743275077,1909,2768,0.5918323711781056,0.4416938426091437,0.017897113919066333,0.0022191293328543693
paid_ratio_6m,"[0.82, inf)",3823,0.06981500757866287,2018,1805,0.47214229662568663,0.924785665767529,0.0669388291011475,0.008081380643098615
paid_ratio_6m,Special,0,0.0,0,0,0.0,0.0,0.0,0.0
paid_ratio_6m,Missing,0,0.0,0,0,0.0,0.0,0.0,0.0
paid_ratio_6m,,54759,1.0,16822,37937,0.6927993571832941,,0.12564841442226707,0.015387622042495021
paid_ratio_12m,"(-inf, 0.08)",27154,0.49588195547763836,6966,20188,0.7434632098401709,-0.25080786091325025,0.029606567888277795,0.0036911514504232475
paid_ratio_12m,"[0.08, 0.15)",8946,0.16337040486495372,2698,6248,0.6984126984126984,-0.026511319130864353,0.00011423431191314248,1.4278870828876187e-05
paid_ratio_12m,"[0.15, 0.19)",3994,0.07293778191712778,1334,2660,0.6659989984977466,0.1230951603207806,0.0011305884401393823,0.00014123439782576588
paid_ratio_12m,"[0.19, 0.27)",4289,0.07832502419693567,1539,2750,0.6411750990906971,0.23277127879921855,0.004422360653770952,0.0005515504611542828
paid_ratio_12m,"[0.27, 0.39)",4078,0.07447177632900527,1519,2559,0.627513487003433,0.2916750020569403,0.006663164319005361,0.0008299556245514976
paid_ratio_12m,"[0.39, inf)",6298,0.1150130572143392,2766,3532,0.5608129564941251,0.568777286121809,0.04056850297172596,0.005003794430800009
paid_ratio_12m,Special,0,0.0,0,0,0.0,0.0,0.0,0.0
paid_ratio_12m,Missing,0,0.0,0,0,0.0,0.0,0.0,0.0
paid_ratio_12m,,54759,1.0,16822,37937,0.6927993571832941,,0.0825054185848326,0.01023196523558368
days_since_last_payment,"(-inf, 7.50)",3740,0.068299275005022,1750,1990,0.5320855614973262,0.6847204848199777,0.03531449308411579,0.004330049751599419
days_since_last_payment,"[7.50, 30.50)",10436,0.1905805438375427,4333,6103,0.5848026063625911,0.4707190248163705,0.045522007563918616,0.005638291755976809
days_since_last_payment,"[30.50, 44.50)",5093,0.09300754213919173,1903,3190,0.6263498920086393,0.2966500071382153,0.008614387911729521,0.0010728674641524803
days_since_last_payment,"[44.50, 56.50)",3123,0.05703172081301704,1020,2103,0.6733909702209414,0.08967706619657312,0.00046639911090344316,5.828036145137422e-05
days_since_last_payment,"[56.50, 85.50)",4566,0.08338355338848409,1193,3373,0.7387209811651336,-0.22609207734277814,0.0040677418610459235,0.0005073875070521474
days_since_last_payment,"[85.50, inf)",4675,0.08537409375627751,626,4049,0.866096256684492,-1.0536355093111067,0.07324495253374215,0.008754309823710654
days_since_last_payment,Special,0,0.0,0,0,0.0,0.0,0.0,0.0
days_since_last_payment,Missing,23126,0.42232327106046497,5997,17129,0.7406814840439332,-0.23627425370851918,0.02244942643766015,0.002799669121221541
days_since_last_payment,,54759,1.0,16822,37937,0.6927993571832941,,0.1896794085031156,0.023160855785164428
visits_3m,"(-inf, 1.50)",25858,0.472214613122957,9595,16263,0.6289349524325161,0.2855888761343086,0.04046783611193889,0.005041358701700624
visits_3m,"[1.50, 2.50)",7747,0.14147446081922607,2525,5222,0.6740673809216471,0.08659992807134209,0.0010783247697526478,0.00013474849248641544
visits_3m,"[2.50, 3.50)",6389,0.11667488449387316,1707,4682,0.7328220378776021,-0.19574858963545916,0.004294895477914503,0.0005360064396736676
visits_3m,"[3.50, 4.50)",5065,0.09249621066856589,1137,3928,0.7755182625863771,-0.4264978401028643,0.015332605442694287,0.001902180442418397
visits_3m,"[4.50, 5.50)",3825,0.06985153125513614,774,3051,0.7976470588235294,-0.5584134755059862,0.019215918124031967,0.002371259948613599
visits_3m,"[5.50, inf)",5875,0.10728829964024178,1084,4791,0.8154893617021277,-0.672841919262575,0.04161452958383361,0.005105862029463882
visits_3m,Special,0,0.0,0,0,0.0,0.0,0.0,0.0
visits_3m,Missing,0,0.0,0,0,0.0,0.0,0.0,0.0
visits_3m,,54759,1.0,16822,37937,0.6927993571832941,,0.12200410951016591,0.015091416054356585
visits_6m,"(-inf, 1.50)",23545,0.4299749812816158,8658,14887,0.632278615417286,0.271234735745825,0.033163712317420824,0.004132803321087668
visits_6m,"[1.50, 2.50)",6372,0.11636443324385033,2169,4203,0.6596045197740112,0.15170701144271415,0.002753384487382484,0.00034384339238476263
visits_6m,"[2.50, 3.50)",5263,0.09611205463942,1606,3657,0.6948508455253658,-0.009657188021718333,8.946805699117309e-06,1.1183463666257954e-06
visits_6m,"[3.50, 5.50)",7975,0.14563815993717927,2086,5889,0.7384326018808778,-0.2245985117628968,0.0070134840088995854,0.000874847471441822
visits_6m,"[5.50, 7.50)",5434,0.09923482897788491,1237,4197,0.7723592197276408,-0.4084415553201466,0.015151599243150708,0.0018808938592076233
visits_6m,"[7.50, inf)",6170,0.11267554192004967,1066,5104,0.8272285251215559,-0.7528718846778792,0.05358147305304838,0.006543853901081522
visits_6m,Special,0,0.0,0,0,0.0,0.0,0.0,0.0
visits_6m,Missing,0,0.0,0,0,0.0,0.0,0.0,0.0
visits_6m,,54759,1.0,16822,37937,0.6927993571832941,,0.1116725999156011,0.013777360291570024
contact_rate_6m,"(-inf, 0.45)",16351,0.29859931700724995,3798,12553,0.7677206287077243,-0.3822457328250213,0.04017972861967368,0.004992110993189306
contact_rate_6m,"[0.45, 0.92)",30575,0.5583557040851732,9986,20589,0.6733932951757973,0.08966649510476632,0.00456508606962326,0.0005704446706294337
contact_rate_6m,"[0.92, inf)",7833,0.14304497890757684,3038,4795,0.612153708668454,0.35686503145913584,0.019343183636027227,0.0024051488614246497
contact_rate_6m,Special,0,0.0,0,0,0.0,0.0,0.0,0.0
contact_rate_6m,Missing,0,0.0,0,0,0.0,0.0,0.0,0.0
contact_rate_6m,,54759,1.0,16822,37937,0.6927993571832941,,0.06408799832532416,0.00796770452524339
days_since_last_contact,"(-inf, 5.50)",4451,0.08128344199127084,1490,2961,0.6652437654459672,0.12648840645886972,0.0013311682556664246,0.0001662851946668954
days_since_last_contact,"[5.50, 10.50)",3665,0.06692963713727423,1031,2634,0.7186903137789904,-0.12473506266530987,0.0010156066140225668,0.00012686859042951954
days_since_last_contact,"[10.50, inf)",24307,0.4438905020179331,6699,17608,0.7244003784917925,-0.15315574707707424,0.010094403790222079,0.0012605686827789862
days_since_last_contact,Special,0,0.0,0,0,0.0,0.0,0.0,0.0
days_since_last_contact,Missing,22336,0.4078964188535218,7602,14734,0.6596525787965616,0.1514929579273916,0.009623965695502746,0.0012018466598947512
days_since_last_contact,,54759,1.0,16822,37937,0.6927993571832941,,0.022065144355413818,0.0027555691277701523
distinct_agents_6m,"(-inf, inf)",54759,1.0,16822,37937,0.6927993571832941,-4.440892098500626e-16,0.0,0.0
distinct_agents_6m,Special,0,0.0,0,0,0.0,0.0,0.0,0.0
distinct_agents_6m,Missing,0,0.0,0,0,0.0,0.0,0.0,0.0
distinct_agents_6m,,54759,1.0,16822,37937,0.6927993571832941,,0.0,0.0
ptp_set_6m,"(-inf, 0.50)",36910,0.674044449314268,11099,25811,0.6992955838526145,-0.03070640786177592,0.0006317556356773979,7.896635214779592e-05
ptp_set_6m,"[0.50, inf)",17849,0.325955550685732,5723,12126,0.6793657908006051,0.06238057139838249,0.0012834219396519577,0.00016040173592480125
ptp_set_6m,Special,0,0.0,0,0,0.0,0.0,0.0,0.0
ptp_set_6m,Missing,0,0.0,0,0,0.0,0.0,0.0,0.0
ptp_set_6m,,54759,1.0,16822,37937,0.6927993571832941,,0.0019151775753293554,0.00023936808807259718
ptp_kept_6m,"(-inf, 0.50)",45461,0.8302014280757501,13221,32240,0.7091792965398913,-0.07816210748951158,0.004994159750836697,0.0006241111064674565
ptp_kept_6m,"[0.50, inf)",9298,0.1697985719242499,3601,5697,0.6127124112712411,0.3545111997894361,0.02265145633959276,0.0028166975392371757
ptp_kept_6m,Special,0,0.0,0,0,0.0,0.0,0.0,0.0
ptp_kept_6m,Missing,0,0.0,0,0,0.0,0.0,0.0,0.0
ptp_kept_6m,,54759,1.0,16822,37937,0.6927993571832941,,0.027645616090429457,0.003440808645704632
ptp_kept_ratio,"(-inf, 0.18)",8559,0.15630307346737524,2123,6436,0.7519570043229349,-0.2958377107880612,0.012852936073902338,0.0016007837342893218
ptp_kept_ratio,"[0.18, 0.56)",39251,0.7167954126262349,11875,27376,0.6974599373264375,-0.02199203160817642,0.000345200131588308,4.3149146907779917e-05
ptp_kept_ratio,"[0.56, inf)",6949,0.12690151390638982,2824,4125,0.5936105914520075,0.4343276354653076,0.025687223040418573,0.0031859007810931123
ptp_kept_ratio,Special,0,0.0,0,0,0.0,0.0,0.0,0.0
ptp_kept_ratio,Missing,0,0.0,0,0,0.0,0.0,0.0,0.0
ptp_kept_ratio,,54759,1.0,16822,37937,0.6927993571832941,,0.03888535924590922,0.004829833662290214
age,"(-inf, 38.50)",20492,0.37422158914516335,6231,14261,0.6959301190708569,-0.014752369571588875,8.121029057986852e-05,1.0151194271427414e-05
age,"[38.50, 54.50)",20319,0.37106229113022515,6202,14117,0.694768443328904,-0.00926858860284907,3.181966097216867e-05,3.977443384523493e-06
age,"[54.50, 61.50)",8793,0.16057634361474826,2738,6055,0.6886159445013078,0.019582685482157802,6.180945665262479e-05,7.726058631935678e-06
age,"[61.50, inf)",5155,0.09413977610986322,1651,3504,0.6797284190106693,0.06071532748480213,0.00035103358318733387,4.38724593852316e-05
age,Special,0,0.0,0,0,0.0,0.0,0.0,0.0
age,Missing,0,0.0,0,0,0.0,0.0,0.0,0.0
age,,54759,1.0,16822,37937,0.6927993571832941,,0.0005258729913919959,6.572715567311818e-05
rtp_visits_6m,"(-inf, 0.50)",45329,0.827790865428514,14983,30346,0.6694610514240332,0.1074908475789138,0.009757349160411445,0.001219081800905037
rtp_visits_6m,"[0.50, inf)",9430,0.17220913457148596,1839,7591,0.8049840933191941,-0.6045020537914907,0.05487292862491537,0.006756551140370964
rtp_visits_6m,Special,0,0.0,0,0,0.0,0.0,0.0,0.0
rtp_visits_6m,Missing,0,0.0,0,0,0.0,0.0,0.0,0.0
rtp_visits_6m,,54759,1.0,16822,37937,0.6927993571832941,,0.06463027778532682,0.007975632941276001
dispute_visits_6m,"(-inf, 0.50)",51629,0.9428404463193265,16039,35590,0.6893412616940092,0.016197892454095753,0.0002481441842717947,3.101768394453419e-05
dispute_visits_6m,"[0.50, inf)",3130,0.0571595536806735,783,2347,0.7498402555910543,-0.284521164239264,0.004358732002221746,0.0005430111496736514
dispute_visits_6m,Special,0,0.0,0,0,0.0,0.0,0.0,0.0
dispute_visits_6m,Missing,0,0.0,0,0,0.0,0.0,0.0,0.0
dispute_visits_6m,,54759,1.0,16822,37937,0.6927993571832941,,0.00460687618649354,0.0005740288336181856
adverse_visit_ratio_6m,"(-inf, 0.05)",27605,0.5041180445223616,8668,18937,0.685998913240355,0.03175973901430085,0.0005115838627366755,6.394529534773426e-05
adverse_visit_ratio_6m,"[0.05, inf)",11481,0.20966416479482824,2426,9055,0.7886943646023865,-0.5038339451925617,0.047596830476352665,0.005887462711128305
adverse_visit_ratio_6m,Special,0,0.0,0,0,0.0,0.0,0.0,0.0
adverse_visit_ratio_6m,Missing,15673,0.2862177906828101,5728,9945,0.6345307216231736,0.2615358529733651,0.020494301009622354,0.0025545113038127204
adverse_visit_ratio_6m,,54759,1.0,16822,37937,0.6927993571832941,,0.0686027153487117,0.00850591931028876
calls_3m,"(-inf, 2.50)",26054,0.4757939334173378,9995,16059,0.6163736854225839,0.3390548634939655,0.05792933556261943,0.00720668044327339
calls_3m,"[2.50, 4.50)",8797,0.16064939096769482,2702,6095,0.692849835171081,-0.00023718777427117477,9.037406585615474e-09,1.1296758205547468e-09
calls_3m,"[4.50, 5.50)",3801,0.06941324713745686,997,2804,0.73770060510392,-0.2208121425716858,0.0032336583137209584,0.00040338810512684274
calls_3m,"[5.50, 7.50)",6842,0.12494749721506967,1509,5333,0.7794504530838936,-0.44922741621179707,0.022852739975734733,0.0028328124642173214
calls_3m,"[7.50, 9.50)",5026,0.09178399897733706,935,4091,0.8139673696776761,-0.6627588530197559,0.0346322654422198,0.004251503150832378
calls_3m,"[9.50, inf)",4239,0.07741193228510382,684,3555,0.8386411889596603,-0.834913088993835,0.044289593258737714,0.005380803664550763
calls_3m,Special,0,0.0,0,0,0.0,0.0,0.0,0.0
calls_3m,Missing,0,0.0,0,0,0.0,0.0,0.0,0.0
calls_3m,,54759,1.0,16822,37937,0.6927993571832941,,0.16293760159043924,0.020075188957676515
call_answer_rate_6m,"(-inf, 0.49)",20175,0.36843258642414944,4829,15346,0.7606443618339529,-0.34297611124311245,0.04028192227739289,0.005010705012387848
call_answer_rate_6m,"[0.49, 0.66)",9377,0.1712412571449442,2683,6694,0.7138743734669937,-0.10103669572469132,0.0017132702154810527,0.00021406773084559592
call_answer_rate_6m,"[0.66, 0.92)",6346,0.11588962544969776,2085,4261,0.6714465805231642,0.09850431635394619,0.0011453140327960644,0.00014310640145259344
call_answer_rate_6m,"[0.92, inf)",5310,0.09697036103654194,2205,3105,0.5847457627118644,0.47095312913432347,0.023186026171475648,0.002871762510892809
call_answer_rate_6m,Special,0,0.0,0,0,0.0,0.0,0.0,0.0
call_answer_rate_6m,Missing,13551,0.24746616994466664,5020,8531,0.6295476348608958,0.2829626813980364,0.020810751269693416,0.0025927000001216317
call_answer_rate_6m,,54759,1.0,16822,37937,0.6927993571832941,,0.08713728396683906,0.010832341655700479
no_answer_streak,"(-inf, 0.50)",32364,0.5910261326905166,11018,21346,0.6595600049437647,0.151905266179708,0.014021758071727347,0.0017510365185157521
no_answer_streak,"[0.50, 1.50)",11016,0.20117241001479208,3330,7686,0.6977124183006536,-0.02318885252934344,0.00010768872818232149,1.3460789433538149e-05
no_answer_streak,"[1.50, 2.50)",5091,0.09297101846271846,1313,3778,0.7420938911805146,-0.24364083813770265,0.005246465756376919,0.0006541909628464803
no_answer_streak,"[2.50, inf)",6288,0.11483043883197283,1161,5127,0.8153625954198473,-0.671999654464853,0.04443822514808691,0.005452563866933515
no_answer_streak,Special,0,0.0,0,0,0.0,0.0,0.0,0.0
no_answer_streak,Missing,0,0.0,0,0,0.0,0.0,0.0,0.0
no_answer_streak,,54759,1.0,16822,37937,0.6927993571832941,,0.0638141377043735,0.007871252137729285
days_since_last_answered_call,"(-inf, inf)",35470,0.6477474022535108,10013,25457,0.7177051029038625,-0.11986716994675006,0.00908606596261429,0.0011350787862759414
days_since_last_answered_call,Special,0,0.0,0,0,0.0,0.0,0.0,0.0
days_since_last_answered_call,Missing,19289,0.35225259774648915,6809,12480,0.6470008813313287,0.2073572391805042,0.01571791136686244,0.001961226557103745
days_since_last_answered_call,,54759,1.0,16822,37937,0.6927993571832941,,0.02480397732947673,0.0030963053433796864
intent_calls_3m,"(-inf, 2.50)",51324,0.9372705856571523,15721,35603,0.6936910607123373,-0.004193170140084579,1.6466388644178825e-05,2.0582970725383214e-06
intent_calls_3m,"[2.50, inf)",3435,0.06272941434284775,1101,2334,0.6794759825327511,0.061874659497135,0.000242978976876308,3.036752804424039e-05
intent_calls_3m,Special,0,0.0,0,0,0.0,0.0,0.0,0.0
intent_calls_3m,Missing,0,0.0,0,0,0.0,0.0,0.0,0.0
intent_calls_3m,,54759,1.0,16822,37937,0.6927993571832941,,0.00025944536552048684,3.242582511677871e-05
last_call_intent,"(-inf, 0.50)",21094,0.3852152157636188,5112,15982,0.7576562055560823,-0.32663303625608076,0.03834332633982148,0.004771722468564308
last_call_intent,"[0.50, inf)",14376,0.26253218648989207,4901,9475,0.6590845854201447,0.15402185057987638,0.0064055366525871986,0.0007999015773721193
last_call_intent,Special,0,0.0,0,0,0.0,0.0,0.0,0.0
last_call_intent,Missing,19289,0.35225259774648915,6809,12480,0.6470008813313287,0.2073572391805042,0.01571791136686244,0.001961226557103745
last_call_intent,,54759,1.0,16822,37937,0.6927993571832941,,0.060466774359271114,0.007532850603040172
hardship_visits_6m,"(-inf, 0.50)",50276,0.9181321791851568,15721,34555,0.6873060704908903,0.025684476286975233,0.0006086653694848109,7.608107994270044e-05
hardship_visits_6m,"[0.50, inf)",4483,0.08186782081484323,1101,3382,0.7544055320098149,-0.30900905711488913,0.007322832275087635,0.0009117294981714997
hardship_visits_6m,Special,0,0.0,0,0,0.0,0.0,0.0,0.0
hardship_visits_6m,Missing,0,0.0,0,0,0.0,0.0,0.0,0.0
hardship_visits_6m,,54759,1.0,16822,37937,0.6927993571832941,,0.007931497644572445,0.0009878105781142002
ptp_broken_6m,"(-inf, 0.50)",47161,0.8612465530780329,15041,32120,0.6810712241046627,0.05454025221547176,0.002588474719657841,0.0003235192429098255
ptp_broken_6m,"[0.50, inf)",7598,0.13875344692196717,1781,5817,0.7655962095288233,-0.37037032500014333,0.0175777372533378,0.0021847442690911007
ptp_broken_6m,Special,0,0.0,0,0,0.0,0.0,0.0,0.0
ptp_broken_6m,Missing,0,0.0,0,0,0.0,0.0,0.0,0.0
ptp_broken_6m,,54759,1.0,16822,37937,0.6927993571832941,,0.020166211972995642,0.002508263512000926
ptp_rescheduled_6m,"(-inf, inf)",54759,1.0,16822,37937,0.6927993571832941,-4.440892098500626e-16,0.0,0.0
ptp_rescheduled_6m,Special,0,0.0,0,0,0.0,0.0,0.0,0.0
ptp_rescheduled_6m,Missing,0,0.0,0,0,0.0,0.0,0.0,0.0
ptp_rescheduled_6m,,54759,1.0,16822,37937,0.6927993571832941,,0.0,0.0
ptp_amount_to_emi,"(-inf, 0.94)",7985,0.14582077831954565,2324,5661,0.7089542892924233,-0.07707138044390216,0.0008530767207443026,0.00010660820587822441
ptp_amount_to_emi,"[0.94, inf)",9864,0.18013477236618639,3399,6465,0.6554136253041363,0.17031759411111413,0.005389312408504786,0.000672850992595583
ptp_amount_to_emi,Special,0,0.0,0,0,0.0,0.0,0.0,0.0
ptp_amount_to_emi,Missing,36910,0.674044449314268,11099,25811,0.6992955838526145,-0.03070640786177592,0.0006317556356773979,7.896635214779592e-05
ptp_amount_to_emi,,54759,1.0,16822,37937,0.6927993571832941,,0.006874144764926486,0.0008584255506216033
payments_6m,"(-inf, 0.50)",23526,0.4296280063551197,6024,17502,0.7439428717163988,-0.2533243339950906,0.02615353913550382,0.0032604789026665706
payments_6m,"[0.50, 1.50)",10977,0.20046019832356324,2973,8004,0.7291609729434272,-0.17713053708457016,0.006066457679266682,0.0007573174265946801
payments_6m,"[1.50, 2.50)",7198,0.1314487116273124,2247,4951,0.6878299527646569,0.02324575244486249,7.134683100480389e-05,8.918153082427497e-06
payments_6m,"[2.50, 3.50)",4662,0.08513668985920123,1663,2999,0.6432861432861433,0.22358363606487475,0.004428414829313477,0.0005524017337252083
payments_6m,"[3.50, 5.50)",5469,0.09987399331616721,2291,3178,0.5810934357286524,0.4859756709777905,0.025474961839741253,0.003153399803068403
payments_6m,"[5.50, inf)",2927,0.05345240051863621,1624,1303,0.4451656986675777,1.0334622792177341,0.06427497574469228,0.007694892822515505
payments_6m,Special,0,0.0,0,0,0.0,0.0,0.0,0.0
payments_6m,Missing,0,0.0,0,0,0.0,0.0,0.0,0.0
payments_6m,,54759,1.0,16822,37937,0.6927993571832941,,0.1264696960595223,0.015427408841652794
partial_payment_share_6m,"(-inf, 0.90)",26328,0.4807976770941763,9548,16780,0.6373442722576724,0.24938334305847998,0.031242198098155396,0.0038951862495057443
partial_payment_share_6m,"[0.90, inf)",4905,0.089574316550704,1250,3655,0.745158002038736,-0.2597132062665759,0.005723165943379803,0.0007133919108995327
partial_payment_share_6m,Special,0,0.0,0,0,0.0,0.0,0.0,0.0
partial_payment_share_6m,Missing,23526,0.4296280063551197,6024,17502,0.7439428717163988,-0.2533243339950906,0.02615353913550382,0.0032604789026665706
partial_payment_share_6m,,54759,1.0,16822,37937,0.6927993571832941,,0.06311890317703903,0.007869057063071849
payment_gap_cv_12m,"(-inf, inf)",14344,0.2619478076663197,5753,8591,0.5989263803680982,0.41224564984619305,0.047630138397100445,0.005911963070551401
payment_gap_cv_12m,Special,0,0.0,0,0,0.0,0.0,0.0,0.0
payment_gap_cv_12m,Missing,40415,0.7380521923336804,11069,29346,0.726116540888284,-0.161768506760832,0.018690449173170014,0.0023337620205434485
payment_gap_cv_12m,,54759,1.0,16822,37937,0.6927993571832941,,0.06632058757027046,0.00824572509109485
last_payment_to_emi,"(-inf, 0.94)",11786,0.21523402545700251,3867,7919,0.6718988630578653,0.09645341301784094,0.0020387101524196715,0.0002547400303325809
last_payment_to_emi,"[0.94, inf)",19847,0.36244270348253255,6958,12889,0.6494180480677181,0.1967571779280639,0.014535936043160806,0.0018140667538177405
last_payment_to_emi,Special,0,0.0,0,0,0.0,0.0,0.0,0.0
last_payment_to_emi,Missing,23126,0.42232327106046497,5997,17129,0.7406814840439332,-0.23627425370851918,0.02244942643766015,0.002799669121221541
last_payment_to_emi,,54759,1.0,16822,37937,0.6927993571832941,,0.039024072633240627,0.004868475905371862
paid_momentum,"(-inf, -0.01)",6600,0.12052813236180354,1316,5284,0.8006060606060607,-0.5768472181359972,0.03521805761100396,0.0043422189795612135
paid_momentum,"[-0.01, 0.16)",27691,0.5056885626107124,7276,20415,0.7372431475930807,-0.21844932849470666,0.02306828667440584,0.0028778160359261146
paid_momentum,"[0.16, 0.25)",2762,0.05043919720959112,847,1915,0.6933381607530775,-0.002532871341735965,3.2343138772858453e-07,4.0428912656225563e-08
paid_momentum,"[0.25, 0.37)",7498,0.13692726309830347,2654,4844,0.6460389437183249,0.21156644584012574,0.0063648103009335275,0.0007941207920958305
paid_momentum,"[0.37, 0.56)",5189,0.09476067860990887,2140,3049,0.587589130853729,0.4592314966485987,0.021512366469401474,0.002665662921732025
paid_momentum,"[0.56, inf)",5019,0.0916561661096806,2589,2430,0.484160191273162,0.8766197790378993,0.0787660731055961,0.009542141006310133
paid_momentum,Special,0,0.0,0,0,0.0,0.0,0.0,0.0
paid_momentum,Missing,0,0.0,0,0,0.0,0.0,0.0,0.0
paid_momentum,,54759,1.0,16822,37937,0.6927993571832941,,0.16492991759272863,0.020222000164537974
is_hostile,"(-inf, 0.50)",41904,0.7652440694680327,14027,27877,0.6652586865215732,0.12642140327311158,0.012518880530562392,0.001563818807759125
is_hostile,"[0.50, inf)",12855,0.23475593053196736,2795,10060,0.7825748735900427,-0.46749572244357407,0.046293767877079284,0.005734594297283329
is_hostile,Special,0,0.0,0,0,0.0,0.0,0.0,0.0
is_hostile,Missing,0,0.0,0,0,0.0,0.0,0.0,0.0
is_hostile,,54759,1.0,16822,37937,0.6927993571832941,,0.05881264840764168,0.007298413105042454
fraud_flag,"(-inf, inf)",54759,1.0,16822,37937,0.6927993571832941,-4.440892098500626e-16,0.0,0.0
fraud_flag,Special,0,0.0,0,0,0.0,0.0,0.0,0.0
fraud_flag,Missing,0,0.0,0,0,0.0,0.0,0.0,0.0
fraud_flag,,54759,1.0,16822,37937,0.6927993571832941,,0.0,0.0
loan_type,['HOME'],6192,0.11307730236125568,2074,4118,0.6650516795865633,0.1273508368226942,0.0018774755318820148,0.00023452597966082747
loan_type,['AUTO'],9678,0.17673807045417192,3220,6458,0.6672866294688985,0.11730102284119004,0.0024851877614668573,0.0003104704935822057
loan_type,['GOLD'],5913,0.10798224949323398,1890,4023,0.680365296803653,0.05778827172485601,0.0003645654033774307,4.5564335540873406e-05
loan_type,['PERSONAL'],19005,0.3470662356872843,5639,13366,0.7032886082609839,-0.049768088642877184,0.0008512913336931576,0.00010640043613554997
loan_type,['EDUCATION'],5388,0.09839478441899961,1588,3800,0.7052709725315516,-0.05928636828643974,0.0003418377629270092,4.2723463567105645e-05
loan_type,['BUSINESS'],8583,0.1567413575850545,2411,6172,0.7190958872189211,-0.12674199968092437,0.0024545563548541392,0.0003066143505570636
loan_type,Special,0,0.0,0,0,0.0,0.0,0.0,0.0
loan_type,Missing,0,0.0,0,0,0.0,0.0,0.0,0.0
loan_type,,54759,1.0,16822,37937,0.6927993571832941,,0.008374914148200609,0.0010462990590436258
dpd_bucket,['CURRENT'],2761,0.05042093537135448,1322,1439,0.5211879753712423,0.72843664914522,0.029615507424481356,0.0036222032690826442
dpd_bucket,['BUCKET_1'],14146,0.25833196369546557,6483,7663,0.5417079032942175,0.6460191498255473,0.11847694338931455,0.01455734710269277
dpd_bucket,['BUCKET_2'],11331,0.2069248890593327,4165,7166,0.6324243226546642,0.27060799235699995,0.015884777875328982,0.0019795608855530267
dpd_bucket,['BUCKET_3'],9276,0.1693968114830439,2478,6798,0.7328589909443726,-0.1959373324460174,0.0062474070151176606,0.0007796790670878935
dpd_bucket,['NPA'],17245,0.31492540039080336,2374,14871,0.8623369092490577,-1.0215973758981136,0.2562853437940658,0.030711433542575738
dpd_bucket,Special,0,0.0,0,0,0.0,0.0,0.0,0.0
dpd_bucket,Missing,0,0.0,0,0,0.0,0.0,0.0,0.0
dpd_bucket,,54759,1.0,16822,37937,0.6927993571832941,,0.4265099794983084,0.05165022386699207
city,['Ghaziabad'],7373,0.13464453331872386,2358,5015,0.6801844568018446,0.058619716322236504,0.0004678284908880125,5.8470189957937103e-05
city,['Gurugram'],16462,0.3006263810515166,5162,11300,0.6864293524480622,0.02976071119908341,0.00026778148971109766,3.347145098711113e-05
city,['Delhi'],13043,0.23818915612045508,4007,9036,0.6927854021314115,6.556866920681692e-05,1.0240477655663378e-09,1.2800598389574124e-10
city,['Faridabad'],7847,0.14330064464288975,2362,5485,0.6989932458264305,-0.029269040331067253,0.00012206479444902236,1.525755469366911e-05
city,['Noida'],10034,0.18323928486641466,2933,7101,0.7076938409408012,-0.07097049358368646,0.0009101066188603935,0.00011373945818642485
city,Special,0,0.0,0,0,0.0,0.0,0.0,0.0
city,Missing,0,0.0,0,0,0.0,0.0,0.0,0.0
city,,54759,1.0,16822,37937,0.6927993571832941,,0.0017677824179562916,0.0002209387818311261
employment_type,['SALARIED'],27891,0.5093409302580397,9225,18666,0.6692481445627622,0.10845283840399211,0.006112701338414224,0.0007637134201785994
employment_type,['SELF_EMPLOYED'],17276,0.31549151737613906,4909,12367,0.715848576059273,-0.1107220440630482,0.0037831050190068175,0.00047264672071847813
employment_type,['BUSINESS_OWNER'],9592,0.17516755236582116,2688,6904,0.7197664720600501,-0.1300641954992675,0.002886797427370243,0.00036059554403348494
employment_type,Special,0,0.0,0,0,0.0,0.0,0.0,0.0
employment_type,Missing,0,0.0,0,0,0.0,0.0,0.0,0.0
employment_type,,54759,1.0,16822,37937,0.6927993571832941,,0.012782603784791284,0.0015969556849305625
branch_code,['BR02'],4609,0.08416881243265947,1480,3129,0.6788891299631157,0.06456795871023435,0.00035519994033985356,4.439228146174115e-05
branch_code,['BR04'],4322,0.07892766485874468,1380,2942,0.6807033780657104,0.0562332126108237,0.00025225139797620114,3.152727090970325e-05
branch_code,['BR12' 'BR05' 'BR11'],13743,0.25097244288610093,4295,9448,0.6874772611511315,0.024887812162113665,0.00015619454734394013,1.9523814540867287e-05
branch_code,['BR07' 'BR06' 'BR09' 'BR08'],18440,0.33674829708358445,5667,12773,0.6926789587852494,0.0005656447477988547,1.0775570667717208e-07,1.3469463136383142e-08
branch_code,['BR01' 'BR10'],9024,0.16479482824741137,2701,6323,0.7006870567375887,-0.03733236864504186,0.00022800789620835063,2.8499332058476174e-05
branch_code,['BR03'],4621,0.08438795449149912,1299,3322,0.7188920147154295,-0.12573293788168427,0.0013008231026854207,0.000162495866094754
branch_code,Special,0,0.0,0,0,0.0,0.0,0.0,0.0
branch_code,Missing,0,0.0,0,0,0.0,0.0,0.0,0.0
branch_code,,54759,1.0,16822,37937,0.6927993571832941,,0.0022925846402604435,0.00028645203452867823
