037ee5f5-eedf-4c9f-9552-9fff424ff848,2026-09-11
0c751000-c8fa-4772-a41a-28dd7b868a85,2026-09-11
3205d9f6-9ebe-4ab7-a0b0-e237b1f756bd,2026-09-11
5b2cdbd7-5cba-4ff6-84c0-4653c18b82b3,2026-09-11
4089548e-f553-45cc-853b-c3ada1216296,2026-09-11
7f9d4bc3-17fa-4bfe-bc18-89149994ca41,2026-09-11
5c122f9b-0f13-4c82-8bc2-10c006c4d885,2026-09-11
61404458-4d6f-46c4-a554-aefd7cd14cb3,2026-09-11
b6efe7bb-38b7-4282-b585-6b3a41260367,2026-09-11
5fd1413d-4975-48fa-a46c-e9a077122ad4,2026-09-11
7cb5454c-c3dc-4189-bd84-ce5fda48d86f,2026-09-11
ccbe27f1-270c-4e8b-af40-12324087eebc,2026-09-11
e2e017f5-4904-4518-a0d1-ddc8b9165aa0,2026-09-11
21e04eb6-4829-40da-8c00-5a85e1d29038,2026-09-11
6455f8fb-2762-40f7-90d7-eb45adef6aaa,2026-09-11
1e351d76-0cec-46f7-bc12-f548a9e2baff,2026-09-11
009b5ac4-994a-4b15-84a2-1b69a6304f42,2026-09-11
192014b9-32bd-457b-86f8-74273390fcc9,2026-09-11
1ba2b282-375a-46c3-b420-a5343a9323f5,2026-09-11
46059cf0-4f00-4e45-8b87-b098583ed498,2026-09-11
2be44aa4-b49b-4b64-a9da-c40aadb57ee7,2026-09-11
9f0d9fb4-3cfa-4edd-a0d7-c1d6339850f9,2026-09-11
fa4b2a45-068e-4bc5-adea-4d7df6c34c2d,2026-09-11
3f1e1974-3e2f-4b59-a1ac-53be1e4bb93e,2026-09-11
431598c9-666d-4457-a972-b4a6821d845a,2026-09-11
4297f49f-ebb3-4f5c-a638-50637aa18533,2026-09-11
26bdf503-7fd2-44b1-9065-93841530fe3f,2026-09-11
3fb7b92e-6135-42bc-8fe8-f8c4d0443483,2026-09-11
4d4b7559-839c-4d88-a795-cb04ebd25107,2026-09-11
52d8fbf1-832b-44f0-b85b-ad0599fea9ae,2026-09-11
62fb9e5a-22d0-459b-98a2-a15ed7eff9ff,2026-09-11
5f537b6d-aa25-418a-b0dc-f07c5ce7b927,2026-09-11
60238f85-7171-4ad6-919c-9391ada6b41b,2026-09-11
49c85ecd-cbfa-4208-824a-c6a2e090e8ca,2026-09-11
f719c759-0fd3-4695-88d5-58f05fb8e1f0,2026-09-11
cb992b92-f559-42c8-b063-409c884cc1ce,2026-09-11
61eb82f0-ce2d-4a8e-8d60-c03b85454bf4,2026-09-11
97293b8c-54e4-494f-bafa-b154dc4799e4,2026-09-11
6aa74f00-3b33-47cb-bc69-343917e53638,2026-09-11
20c8bbc5-f97a-4080-9144-96f4881fe040,2026-09-11
6380955b-a9f4-4ec4-8740-c0e3a57e72c4,2026-09-11
23ddf276-72a3-4dae-a1a6-1cfeba76786e,2026-09-11
6d08c32d-ae6d-4acb-aca1-b48e3be8c64d,2026-09-11
292341e4-c9e3-4039-a4f5-f6c3f6b080e1,2026-09-11
6d5a9180-3887-40d3-b0e8-049d9908b964,2026-09-11
6d1a9dd9-9466-4d21-8270-f11a86604c45,2026-09-11
03e6a647-6df3-4b28-8fe2-0b9cc3eb0260,2026-09-11
0df3d468-4961-410c-adf2-ceffea0d2936,2026-09-11
3adf4362-c5e7-4ee9-9cf6-bc4746405856,2026-09-11
1ffc2df9-89c4-4401-b47f-37f2e76d5cf1,2026-09-11
740e8351-618f-4398-ba96-0384cffbf434,2026-09-11
0007245c-0362-4b90-9745-613a3ce5d52f,2026-09-11
7c0bce40-35dd-43b5-a38b-4e513d67651c,2026-09-11
7ff1d5f4-a4c4-495a-9e14-23978ad7072d,2026-09-11
832180a5-65b9-4d90-bb8b-b32cce32c52d,2026-09-11
883a9464-ebb3-4f6d-8aff-4de09ce61aab,2026-09-11
8abb3c89-e63d-4bb6-9cfd-a72942f4fcd2,2026-09-11
3e9059c1-1f44-4766-8f94-6ee0cd763d3d,2026-09-11
964f7c46-2a07-42a4-a431-767d0bae94bb,2026-09-11
b58eccf9-05a2-4eee-a9bf-3b289f549297,2026-09-11
bb9bf9d5-ea0d-4afc-8aa6-316df8f388b5,2026-09-11
94f0cda2-110e-4b23-8669-2d48049891f1,2026-09-11
8bf80df2-c17e-4c73-9eb3-be0abeb52885,2026-09-11
8526cd7e-d33a-4458-bff0-9ecc0e591695,2026-09-11
3e0a185d-f499-41df-8a87-47f1385ad8b1,2026-09-11
987ac84e-2408-45ae-be5d-d1cc92786bdc,2026-09-11
98f1c837-d8a1-4225-9406-d3ed7591bc06,2026-09-11
99c2fb5d-70cb-4ce3-b012-4eced8b3258b,2026-09-11
9a6fa343-2548-44db-8fc8-6e94eb2f1078,2026-09-11
4d7e8352-c1d3-4812-8bd6-3468ee66599d,2026-09-11
ecc596da-01f8-4713-90df-95567361aaf8,2026-09-11
9e780e68-2a34-4735-b19a-83fdf26aa8f1,2026-09-11
6ec7dd21-0b29-4e6e-b9ef-cf46d17c86ce,2026-09-11
d95f87a9-4655-47d3-892c-708fcaf1ad23,2026-09-11
e869dc09-2da4-42e4-9ae1-037aa6b2ce55,2026-09-11
1bec0358-0880-47b6-9a51-bac2318dda9d,2026-09-11
a4b310fb-cd88-4002-b5c8-29aa673feaac,2026-09-11
a824826c-91a1-4dc3-9395-2ae53f32a7bf,2026-09-11
a7fa61bb-a70c-4031-af85-8c7048113077,2026-09-11
11f85ef0-010d-4aac-b797-36231234cada,2026-09-11
a94e2f16-8b0e-4d3e-90e5-24565d32b3c5,2026-09-11
b4999caa-368f-427b-baf0-755482b4b399,2026-09-11
b4fb54b2-7850-40f5-bb01-9cb550f31e55,2026-09-11
62078084-965a-489b-bc20-3f2af392aded,2026-09-11
ff9de9f9-14e8-4bfe-863a-8a6f58ee3147,2026-09-11
4422fba0-b2b9-435f-a227-6a12a6eefc3e,2026-09-11
b8229b8e-ad88-42eb-a6a5-3bad34066859,2026-09-11
06fc8a44-7257-468a-a276-941ab46266be,2026-09-11
b8865d19-8a94-4df1-83c3-808fa6840f5b,2026-09-11
baa4293b-7ffc-4eb2-9761-90f8ff594f25,2026-09-11
2003a60b-193c-4dcd-aba3-04312852bf50,2026-09-11
7885a34f-f31a-4b33-88e6-b927e0af1c4a,2026-09-11
a79bf2d9-491b-49c3-b311-4464122f5f03,2026-09-11
8d49d305-1270-451b-ab35-2d28ce9c879c,2026-09-11
bcfa5a5d-86da-4878-8348-65521bdd8f49,2026-09-11
1fdc5e0f-fb7a-45e3-84ca-b0f0d25e3ccb,2026-09-11
bccbd26e-82b3-464c-a44f-2ff8b9130a63,2026-09-11
8bceb26c-a503-477d-8c41-66acfb64965d,2026-09-11
a76b37d9-6fce-465e-9853-677cb0915d5e,2026-09-11
187f2be3-c67c-47e9-a00b-43f20afb8319,2026-09-11
7f5bab5a-5be9-476c-a7db-2998e9c530ef,2026-09-11
02cf8890-d819-437e-abeb-bae033b19c03,2026-09-11
05e7b88e-4b45-4e21-b095-2dbf8041f1ea,2026-09-11
0a4e3531-ca6e-4173-93cd-1c7195a3a5bc,2026-09-11
2a89b02a-c7a2-4b1f-900b-cc480b06ee62,2026-09-11
1caaf4ff-bb07-41fd-b36e-ed3e44f2854f,2026-09-11
2cf8a6c1-360a-4088-9da8-ee21a4185fea,2026-09-11
02c8f96d-6643-470e-b0e9-4e349f1b3de4,2026-09-11
1714a093-5050-429e-ade8-4b75b125a650,2026-09-11
2f356325-7463-446f-90d3-45cab93106d2,2026-09-11
39ee893d-f6ad-4cde-a77c-e21d92ca4010,2026-09-11
3cfbc763-04d4-4c78-bd38-db876da6efe4,2026-09-11
c4928c1e-a109-45cc-999c-a72c1a6b479f,2026-09-11
c52f3e2b-174e-4f6e-9307-5b31ddbddff9,2026-09-11
c5711608-c56d-4cd3-bd68-a42508041f61,2026-09-11
d397060f-996d-44eb-afe8-5de486bbd411,2026-09-11
4ad428ab-76d5-4644-89cb-36543d6e1cde,2026-09-11
474eba0e-ab92-4550-8d3b-1169451bb869,2026-09-11
4c2cb39e-5e93-40fc-9610-6908d68832b1,2026-09-11
4d2af631-7807-4569-8292-b03b1f222a49,2026-09-11
c7e74e5d-a255-44ce-a595-797e1dbf0a0b,2026-09-11
6d17f330-ed46-400b-8684-6cb6cd2b7bec,2026-09-11
d96c5d4e-68b7-4e0d-93a9-508bab058069,2026-09-11
58cfa0ea-7663-494d-8175-9fc3b06218b2,2026-09-11
6f8ba136-7d73-4439-b168-8b2d39db688e,2026-09-11
748cc964-da0b-49e9-ac0c-8210e15ed103,2026-09-11
d4544cf1-2e65-4759-a8cd-32d8e7c65294,2026-09-11
dfc3b5eb-1a4a-438d-a0d2-523489d798a4,2026-09-11
e2ce08de-fbe0-428a-be32-9858ee09130d,2026-09-11
8880ce75-8021-4161-82c7-c8c8f0a0e538,2026-09-11
e4b8ebd5-54a3-4e1c-ad9a-02c303bc79b6,2026-09-11
8d6a5991-d9d0-4a6f-ba80-0bbf6ae8f71c,2026-09-11
90f00525-24fe-45c0-9222-7d9e7a8646c4,2026-09-11
93993985-c111-4838-9bc1-1f04f4d77303,2026-09-11
e3f86e57-454d-41e4-9c11-f64a8f17ca59,2026-09-11
e43e47c4-4d1b-42c2-8cf9-49a96fd3f438,2026-09-11
e5b94ea4-b80f-477b-b3a6-829848a2e7ec,2026-09-11
ebdd0c9c-b635-4380-9020-3cb45cdd3e5a,2026-09-11
58d84a6d-0aaf-47a2-bd89-8902658beaa9,2026-09-11
ebeff264-775d-4321-b5be-214f9fddc10e,2026-09-11
aa7879bb-bb87-4d9c-9d1a-f62d3fe2cc80,2026-09-11
1d52bd4e-f848-4df5-b573-a3785cd74a18,2026-09-11
a36b1c68-26a4-4665-a341-03d051571514,2026-09-11
a382f56d-1faa-4a1c-872f-01b52b6bae30,2026-09-11
f87138f2-aad5-41b9-a820-b6480e6acedb,2026-09-11
b4bcc423-98c5-4c1a-b4ba-619ad678910f,2026-09-11
b09bcc21-ce43-4ae2-a076-7ae065282484,2026-09-11
f1a9ae9c-e76f-4576-a5f2-ba3e6eb257b5,2026-09-11
b4ac78d0-3925-40ec-a355-16c7b92aeaec,2026-09-11
f21a7c7e-61d1-4b5c-b5bb-614ec114099b,2026-09-11
f4bd27fa-a4ba-413c-8804-7a48fa8d45ea,2026-09-11
ca0dc962-7643-46e0-bd8e-8058f7ec6031,2026-09-11
cc00d26b-c20b-4b2a-b910-32483a7ea449,2026-09-11
d1483dff-17f9-45b3-a291-e57d854c32a4,2026-09-11
1b86f9e5-3e02-41bf-85e1-fd879a889e73,2026-09-11
43050fff-96ca-458e-95a1-3b3fa481f6e5,2026-09-11
09efe1d7-f0c8-49fc-8af9-a7a73a1ce323,2026-09-11
66acbc4e-f192-45f1-9e45-3b47214212bf,2026-09-11
dc95f817-c541-486d-9b01-4c88eb5b5e79,2026-09-11
dd59d29b-4bd9-476f-9fae-75e5a5d1b921,2026-09-11
e0d8b9d7-68fd-41a9-886b-88918fef181f,2026-09-11
e19c5466-f318-4cd8-a5dc-7d0f24ec305a,2026-09-11
7ec158f4-1f70-44f4-acdb-8edf6d8b9657,2026-09-11
e444c0da-8a79-4d68-9c98-0280a62ade8b,2026-09-11
e8865019-332f-4eec-ab41-e66e011af248,2026-09-11
f7fc3f1d-ee12-422e-a805-0998744ab2e5,2026-09-11
f4c44574-de2f-4413-8af1-7a45d81cd148,2026-09-11
f8ea6cef-bba3-4281-bf4a-79266dc0077b,2026-09-11
9b929523-5e83-4d44-bc3c-bf621abee8df,2026-09-11
f4f8dd22-78f4-40f3-8b26-4f8567da2da4,2026-09-11
b4ce8b2d-ff75-4b16-bd40-6b9aaf116b46,2026-09-11
faae1aba-6a78-41f8-b757-687ae75899d2,2026-09-11
fd1fbad1-a7a4-4589-bd08-b106ed1d9895,2026-09-11
1c47e110-6fb8-4a02-99b3-217e0c75b856,2026-09-11
26cefbee-92c4-4c5b-967b-bf2ad3ede143,2026-09-11
afeb0fe4-5cbe-4aec-8fd2-491ac574c5d7,2026-09-11
2c4fa512-92ac-4acb-ac71-6fb8285beebb,2026-09-11
b586d7d7-f387-4601-a35b-004b927e52ad,2026-09-11
a67c0b14-770b-43aa-954c-5852368e67fd,2026-09-11
a8651e2d-af97-4fed-860f-9b4d12d1c472,2026-09-11
b1d8fc88-3d7a-4451-bf09-ac23217b2718,2026-09-11
209ada90-3341-4870-a460-21158956474b,2026-09-11
37d13be1-72f5-469b-aea7-263733614457,2026-09-11
2d1e3185-5816-417c-821d-0488d665f826,2026-09-11
59c59b25-6240-408f-a173-60906d265833,2026-09-11
2abb2db2-c967-4273-9fdc-c95bbc36897e,2026-09-11
4e6ad45b-83bb-4791-af37-428f2793c8fe,2026-09-11
caf865b0-6965-48ef-bb7e-16d1daf9cc52,2026-09-11
bf865e39-62f6-4616-af57-c6e4b50ab726,2026-09-11
d2b6e704-5ac5-45c1-b5cb-4a10ff082bd9,2026-09-11
ad0ffdb4-bb03-47da-b46a-07ccdcdf5194,2026-09-11
dbab7860-646a-4de4-bbaf-f4240f81b396,2026-09-11
092a09a3-05e0-453c-8a30-b30de6456cbf,2026-09-11
31c8ddcb-f60f-4720-abab-3b1559821ff7,2026-09-11
009a62c6-a988-45ca-aeac-1318bc5ae4e5,2026-09-11
165b7cb2-5601-48c6-a255-a94d78031e60,2026-09-11
02caa05c-d94b-496e-b4e3-d09fb5948ba4,2026-09-11
06bc15c2-c9eb-45a2-bfba-77b940864196,2026-09-11
35912c01-b04f-48bb-bf85-876c4fc1f918,2026-09-11
06b09add-357d-4dbb-aa20-23767810c329,2026-09-11
354b9357-bae4-4886-b7a6-766074b3b81b,2026-09-11
34f08fc2-9feb-44a0-a78c-283142670752,2026-09-11
7189b075-fd87-436e-a892-46976aa6bbd1,2026-09-11
d6897c7a-dfb6-4503-8228-b5861a8a379d,2026-09-11
0f76db77-f023-41f8-bd7c-120685fcdd1a,2026-09-11
0338a53c-19e4-4e9c-8978-8a1cbb51b413,2026-09-11
c8d29441-6b20-41b9-8070-c2032bd0c914,2026-09-11
fb7525c6-6804-4e7d-a8fb-b49dd824b4e0,2026-09-11
1537e7c0-22b5-4c9a-9037-4e22a3bb1573,2026-09-11
4ddba4fa-d5fe-412a-9e59-abbfd88bf464,2026-09-11
42021baa-0ca4-4055-8217-d9d4f63cdb2e,2026-09-11
b87e866d-4f49-4a1f-9ed7-57cdeb8a5665,2026-09-11
465bbd5c-6bf0-4c97-92eb-cb0d54da4747,2026-09-11
1d09cd5e-7624-409b-9722-566194e3323b,2026-09-11
00f2741d-4449-4f06-9dfd-d8495915c54a,2026-09-11
5c77d6e2-dfff-444a-9738-8ed6bef92e5b,2026-09-11
a750abe2-09b8-48dc-b63d-b175c4457002,2026-09-11
e6cfbe39-d688-47ab-a2d0-0c03a9796ce3,2026-09-11
d5efce0e-d02b-4078-a60e-f046b576201c,2026-09-11
d96d4b51-1da8-408b-b378-e6cd38029991,2026-09-11
7ffe8337-d842-40bf-86a1-ec35033c945c,2026-09-11
764a395d-f72f-4849-bee0-7ff04ce5d506,2026-09-11
a6688004-2297-4398-8aa8-5c81fa8ec678,2026-09-11
f164e727-5ba4-4581-836f-fa55f799ec0f,2026-09-11
578198a4-cf53-4ca5-a3a2-3f5066daf113,2026-09-11
56a636c7-ac45-48bd-bc8f-d0e46920e8e2,2026-09-11
5ce8e517-ddb8-433c-9a2d-403a5529fec7,2026-09-11
665d80b4-5571-4293-8947-e8ac5a92d539,2026-09-11
71c58814-576f-4502-b879-07b031ab52de,2026-09-11
71c58b4f-55d5-4feb-a8de-8a27c3b4d37c,2026-09-11
b94303d5-749f-4502-bbe3-d44a25cbb5f5,2026-09-11
bdb72d10-474d-4f23-9709-2f057e98d1e2,2026-09-11
bd5e80ed-689b-4961-a819-e978ed5c85c4,2026-09-11
be545a38-e6c9-474c-a723-05c78283b681,2026-09-11
c81719bb-c27b-4302-b204-28d1d90c0bea,2026-09-11
cb5f9f1a-b16e-4d75-a1ec-18161b6abd9f,2026-09-11
da73b133-4ffb-473d-a1cf-faca95f0a318,2026-09-11
d47d58ea-da4a-47e7-9077-7da63163d97e,2026-09-11
e913e34d-44bf-41b7-bdd7-5a1d89a0486c,2026-09-11
