case_id,priority_before,priority_after
359f2493-21f7-4fdc-aeaf-ff35a31d9596,MEDIUM,CRITICAL
338db969-9e42-4537-aac6-b7c5f0582bab,MEDIUM,HIGH
16950419-bf0b-46d4-98a0-7ca6980b606a,MEDIUM,CRITICAL
34837a57-17c7-4ebe-a152-3cae876fe146,HIGH,CRITICAL
394352eb-40dd-4a95-b7a1-5fb46e6ebd74,LOW,MEDIUM
4a93d0b4-35ac-46e8-8ea3-6ba9b0afbc39,HIGH,CRITICAL
50a0f4e1-2632-46b7-a11c-6a46537efab1,HIGH,CRITICAL
8fde9f37-749a-47d2-87f0-7fa71c1892fc,LOW,MEDIUM
5716d861-5833-4350-b34c-909162feb767,MEDIUM,HIGH
5ca900a1-476b-4590-966a-61c7b16363fb,CRITICAL,HIGH
9044e2bd-36b2-42f2-b7b7-e461935fa985,CRITICAL,HIGH
5c60a22f-6016-4eeb-aa97-84ad3d246f49,LOW,MEDIUM
7894476f-64f4-49e1-ad34-ac107cb31942,HIGH,CRITICAL
afe616d9-16c5-4bd2-b6fa-774fae54c02c,LOW,MEDIUM
b44d9845-a110-4fd3-b29f-772af0ac4fec,MEDIUM,HIGH
7ae223e3-451b-4ff2-a8db-033357dc61c2,LOW,MEDIUM
d0f3d701-d1e0-460e-a589-4653472a491b,CRITICAL,MEDIUM
3faae8c4-8d96-403d-9c97-b2161f472733,CRITICAL,MEDIUM
8aa0d4d5-8fc4-4e03-adac-0832c46a801d,CRITICAL,MEDIUM
e25d32ff-e3c9-438b-84b7-f21339d59898,HIGH,CRITICAL
e2944314-a60a-4504-9072-027127c075b4,LOW,MEDIUM
1aab570c-e5fc-422f-bfb5-a6bfed82dcef,LOW,MEDIUM
332afbbb-18ee-46d2-83d6-49e69d38e111,HIGH,CRITICAL
462f568c-f683-44be-bede-6e57708992ae,LOW,MEDIUM
5c3011de-a1ea-4b75-a929-a5f531af11c1,CRITICAL,HIGH
8af081b0-e835-41f7-a657-9335ed171df4,HIGH,MEDIUM
8b928131-2349-4459-accc-358b5e77c242,LOW,MEDIUM
6dbed6cf-7e9f-43d5-82ca-e33f147d4c2d,MEDIUM,CRITICAL
91de08a1-6634-4cf6-b928-8c9260695576,HIGH,CRITICAL
3b4a38c3-6651-4713-9337-fa2649890b79,MEDIUM,CRITICAL
8fa2a549-fa74-4fdd-9305-6119b67000e1,HIGH,CRITICAL
2033f788-f8b5-4024-ba05-7e83ce1c9975,HIGH,CRITICAL
964f7c46-2a07-42a4-a431-767d0bae94bb,CRITICAL,HIGH
0cd4bee2-44c5-462d-94aa-f521702e7c90,CRITICAL,MEDIUM
0ee1e443-93f2-46f6-996d-918d51b95e95,CRITICAL,HIGH
a0c954b0-a65a-4722-8877-b5fd20a455ca,CRITICAL,HIGH
b471bba1-d71a-4e92-b3a9-df72eecc22ee,CRITICAL,HIGH
8152834f-5dae-412b-bb14-0438ec5b69a0,LOW,MEDIUM
bb26ea9a-2102-4eac-b118-cc5845d2ba53,CRITICAL,HIGH
bc20a3b3-87a5-441f-8eef-875fa6a96b3d,CRITICAL,MEDIUM
89561180-58c1-4cad-8d58-c9c0c3c4505a,MEDIUM,HIGH
733ec455-55c4-4cfb-b5eb-7ba264774c02,LOW,HIGH
c78b7fd5-3987-48bc-aaa7-d496b7edd83e,CRITICAL,MEDIUM
04460e1f-47f5-4d30-b44c-0be05ea7991f,CRITICAL,HIGH
155cc034-5ebd-434f-81a4-c8bd4239db88,CRITICAL,MEDIUM
776b7f6d-ad1d-43a3-9b7b-8b59f9003813,CRITICAL,MEDIUM
c62ac73b-b865-417c-94de-f6df9e4e315d,MEDIUM,CRITICAL
c7bcf5df-0b3b-4ffc-a768-53ed82bac9e0,CRITICAL,MEDIUM
42bd6353-1665-4fd7-b5f4-9614bc753e15,MEDIUM,CRITICAL
d14b16b1-6ba1-487f-bd9f-d61d7c369b0c,CRITICAL,MEDIUM
a9f60804-09fd-4777-90a8-de972b4484fd,MEDIUM,CRITICAL
21b87ade-8289-4310-9bdb-2cc0b38250d6,CRITICAL,MEDIUM
01ae52c2-8c6e-4592-a38f-08732c8950f4,HIGH,CRITICAL
83339467-f1d1-4f90-abd9-c87c9ef445ab,MEDIUM,CRITICAL
b72c320e-c3d0-4335-bbe2-60d640ac113a,CRITICAL,HIGH
54648463-acce-4159-9266-84cd8b8c5048,CRITICAL,MEDIUM
7ea303b1-f01b-4927-a4e4-6c36e1431481,MEDIUM,HIGH
c5e9df53-56d5-4409-b004-b12450b713b7,MEDIUM,CRITICAL
d5efce0e-d02b-4078-a60e-f046b576201c,LOW,MEDIUM
7742389d-f08c-45ce-a873-fcc09d250144,HIGH,CRITICAL
4d557c56-759e-4bd6-88b0-d16b1d296c19,MEDIUM,CRITICAL
3d179095-4725-4a52-8f22-b9e30ef909e4,HIGH,CRITICAL
ebe27796-28a6-43df-96d4-2259a18e7d9e,CRITICAL,MEDIUM
21059f5e-ab66-42bd-8e9f-7f69db8124ba,CRITICAL,HIGH
d4e4c522-e626-48b5-8558-d84d8ae45747,CRITICAL,MEDIUM
d71c5dd8-8199-4430-a763-ad9c76ca11f5,CRITICAL,HIGH
7c0bce40-35dd-43b5-a38b-4e513d67651c,LOW,MEDIUM
85cb7dd0-18c1-494d-85f6-25b742f821a0,LOW,MEDIUM
faae3a17-a2cc-40b0-b189-e7a98d8d1adb,LOW,MEDIUM
69d896cb-5932-408d-9218-8e30d2c25a34,MEDIUM,HIGH
0de44ef5-b3a8-4f28-8079-059b5f4fae18,LOW,MEDIUM
e444c0da-8a79-4d68-9c98-0280a62ade8b,CRITICAL,MEDIUM
2542c63e-9609-4a84-9c31-8db2975c0aba,HIGH,MEDIUM
0b1c4cbe-4a8f-4df9-bb99-ee02c91644f3,LOW,HIGH
b4bcc423-98c5-4c1a-b4ba-619ad678910f,LOW,MEDIUM
58ae6edc-aa29-46bc-a8e9-a858ec5a0f79,LOW,MEDIUM
a76b37d9-6fce-465e-9853-677cb0915d5e,CRITICAL,HIGH
8e17b1ce-8791-4a5a-9665-0e63c6a71f6a,MEDIUM,HIGH
bc2e2994-7024-4e3d-8d46-35a62f623827,CRITICAL,MEDIUM
eba1fece-176b-4f3b-b240-ca08a11c34e4,CRITICAL,HIGH
8c8d3f47-9c96-4134-b384-a39748f9bcbe,HIGH,CRITICAL
199c34c5-3e75-407b-a058-534a124d8398,MEDIUM,CRITICAL
38379579-1967-4c68-b2a6-fec47a12b809,CRITICAL,MEDIUM
ee0c93b5-5ffe-4a1b-abae-8b626997dc68,MEDIUM,HIGH
197f73a0-ba74-47eb-952a-b22aa1993bdc,HIGH,MEDIUM
d6e0e387-a749-4aea-9655-ec3b0722c66d,LOW,MEDIUM
86525fed-2999-49a3-8668-3270dcbd31fc,CRITICAL,HIGH
ee95f2ad-a914-48fb-90ed-1908e6ae946f,HIGH,CRITICAL
0a82052f-30a7-4e30-a1df-7956741a99b5,HIGH,MEDIUM
22d73459-dbc4-45de-b369-4c5e8f055256,MEDIUM,HIGH
7ec158f4-1f70-44f4-acdb-8edf6d8b9657,CRITICAL,MEDIUM
b2d48723-e8a6-4456-a5ad-ef6aa70c4a28,LOW,HIGH
f30262ee-7550-4687-9729-cd61fa0e8479,LOW,HIGH
ebdd0c9c-b635-4380-9020-3cb45cdd3e5a,CRITICAL,HIGH
4f6ee7d6-ce14-4e3d-9d39-439cfb5dbe71,HIGH,MEDIUM
0df3d468-4961-410c-adf2-ceffea0d2936,CRITICAL,MEDIUM
f7c5dfb4-1476-4194-bd8f-e8d5fbcdae12,LOW,MEDIUM
7e014fb7-638d-45e1-8452-3f87b896cd61,CRITICAL,MEDIUM
a1f3d27d-22a6-4e71-bd40-e869083d9d8d,HIGH,CRITICAL
e16d3600-2242-4fe2-9ced-beef90ea03a6,MEDIUM,CRITICAL
e19c5466-f318-4cd8-a5dc-7d0f24ec305a,CRITICAL,MEDIUM
20dc7a0e-bb49-4fd7-b54e-ded7d5c05d1a,MEDIUM,HIGH
b7553d53-8838-4c1a-bd63-db527c05e978,MEDIUM,HIGH
2efb29f7-6b9d-4ee2-b42d-5c8eb992a017,MEDIUM,HIGH
408dffd4-ea37-4559-ad2b-244df100be78,LOW,MEDIUM
734df75f-a710-4580-9f6b-860a6956e8e2,MEDIUM,HIGH
caee1595-0e1a-4efd-99cf-2818c8c86334,LOW,MEDIUM
9671a18f-89d4-456c-a1f7-e40aa09c7b2d,MEDIUM,CRITICAL
0027eac2-fbff-43d2-b5e6-182b1c592d33,LOW,MEDIUM
b586d7d7-f387-4601-a35b-004b927e52ad,CRITICAL,HIGH
007965d0-f49b-4a1f-a6e2-fbffa7b8dbc1,CRITICAL,MEDIUM
1f8f38a6-0cf9-43e7-be08-000be9317b23,HIGH,CRITICAL
cb0abc92-1503-478e-8b3b-3786454b0976,CRITICAL,HIGH
d96c5d4e-68b7-4e0d-93a9-508bab058069,CRITICAL,MEDIUM
0f96fe04-53ed-4442-a955-c8cdac83f198,MEDIUM,HIGH
a91b2719-8e08-4b6a-80dd-211650b9c023,CRITICAL,HIGH
3cfbc763-04d4-4c78-bd38-db876da6efe4,HIGH,MEDIUM
dd59d29b-4bd9-476f-9fae-75e5a5d1b921,CRITICAL,HIGH
ea650beb-aab9-4b07-b51d-3cd345d4090b,MEDIUM,HIGH
43d6ed09-f524-4c80-b329-26990024b1b9,MEDIUM,CRITICAL
bc46efb3-9b47-4440-8d49-a3da5f71955c,HIGH,CRITICAL
fc74bf9e-b236-4cd9-b3e5-002e72da0ad6,MEDIUM,HIGH
4061ee12-be08-483b-a04e-c7654f4d23f7,MEDIUM,HIGH
11f174ec-baee-4918-baea-69c1d0584104,CRITICAL,MEDIUM
217286e7-dd7e-430b-aa9a-decf545e75f6,MEDIUM,CRITICAL
42f15e58-ddf0-4c48-8ea1-0535496c0151,HIGH,CRITICAL
457f2b6f-b46e-4a58-abf3-d1b5faec2835,MEDIUM,CRITICAL
4d4b7559-839c-4d88-a795-cb04ebd25107,CRITICAL,HIGH
7af24473-7a11-467b-a4a6-6fa0f202334c,LOW,MEDIUM
36650bd1-675d-4d69-9157-e61cd7802849,CRITICAL,MEDIUM
77108090-99d5-419c-b997-9300a4bab952,MEDIUM,CRITICAL
8a36f96b-19d3-4e6f-a1c5-9c0c4a4f3dd4,CRITICAL,HIGH
51180735-ed9f-400e-8fb7-3cd669fa0089,MEDIUM,HIGH
c245f003-4dbd-410e-a7b9-9aeb03ff53b2,LOW,HIGH
d08aa9f8-8150-4874-9038-95d58b359782,MEDIUM,CRITICAL
a004c977-e3d9-48d1-9a51-20f9f278ae10,MEDIUM,CRITICAL
98678a95-03c8-4eb5-914a-e4d53dfeb0dd,LOW,MEDIUM
b09bcc21-ce43-4ae2-a076-7ae065282484,LOW,MEDIUM
5ef7ec75-c1d3-4d9c-b5b3-1ad438c25898,HIGH,CRITICAL
a21d500a-dc5a-4171-9faf-8c8d545d0015,MEDIUM,CRITICAL
7de5dca0-befd-411c-b810-4feca8cee150,HIGH,MEDIUM
dff94c5f-74a8-4801-8781-aad04ce3f675,HIGH,MEDIUM
f3b859d1-89dd-4efd-a8db-4413db45751d,CRITICAL,MEDIUM
d57dea5e-a963-4383-9e0c-785c5f2f1699,MEDIUM,HIGH
43050fff-96ca-458e-95a1-3b3fa481f6e5,LOW,MEDIUM
42d121da-cc66-42cb-918e-5bc22b52c2ab,LOW,MEDIUM
e2ce08de-fbe0-428a-be32-9858ee09130d,CRITICAL,HIGH
19d0e2ef-9e4f-48bc-9620-074e58906453,HIGH,MEDIUM
7110942f-0ba7-407d-a4c3-1412d18426d3,CRITICAL,HIGH
66acbc4e-f192-45f1-9e45-3b47214212bf,CRITICAL,HIGH
431598c9-666d-4457-a972-b4a6821d845a,MEDIUM,HIGH
91f4d280-94ea-4a70-a3c6-f801f0801856,MEDIUM,HIGH
5309dbc6-7738-46b1-a13a-3957c6943acf,MEDIUM,HIGH
e7bb8d0f-57fd-475f-a8c2-277932b8cc07,LOW,MEDIUM
2f356325-7463-446f-90d3-45cab93106d2,CRITICAL,HIGH
0835bfa3-c594-4b5c-bcfa-abdc7dddabec,LOW,HIGH
9b929523-5e83-4d44-bc3c-bf621abee8df,MEDIUM,HIGH
83964713-95e2-488d-8034-b75744c78c1e,CRITICAL,MEDIUM
84e417ae-38a6-41a5-b755-cedc0eadf9c0,LOW,MEDIUM
f2d8a4c4-2b3a-4783-b176-ec1e22e9d595,CRITICAL,HIGH
1d52bd4e-f848-4df5-b573-a3785cd74a18,MEDIUM,CRITICAL
a9077346-1e77-4b17-8eaf-4713ba0cbe6c,MEDIUM,CRITICAL
dd81e163-b4c4-49eb-a895-e825f0116bef,MEDIUM,HIGH
65f53b7f-f072-4528-a02d-8f36380cb68d,CRITICAL,MEDIUM
987cc6e9-627c-43b7-9e97-8ffee1463839,MEDIUM,HIGH
168381de-df09-4c1c-8940-e492f1c510a3,LOW,HIGH
ce948a4c-762d-4b07-8fcb-aee2084621a2,LOW,MEDIUM
3f5ec6fd-8033-4390-8954-85546d6acc7f,MEDIUM,HIGH
dfc3b5eb-1a4a-438d-a0d2-523489d798a4,LOW,HIGH
78ae4772-c7d6-4306-a886-edcea5f4d51c,MEDIUM,HIGH
229ea2ae-b64d-4bc1-8f28-16e087544a0b,MEDIUM,CRITICAL
434f104f-2837-4e38-bfb2-4f6542716c53,LOW,MEDIUM
4c49d03f-12db-465c-a124-730c4533b75a,LOW,MEDIUM
133c0e52-06d3-4439-8b92-b335b4b39b17,CRITICAL,MEDIUM
3e689969-007a-40ce-9ee5-f8de67c7401f,LOW,HIGH
94afb3e9-d0ad-404e-bc13-cf1654dc4ef1,CRITICAL,HIGH
86edfc70-8ec2-4112-8fcf-feee239e973a,HIGH,CRITICAL
ec02cf30-b430-42aa-92a6-d943976866b1,HIGH,MEDIUM
fdd312a1-7db1-4dde-916f-eebe0e5d52c5,CRITICAL,MEDIUM
f17a4229-7277-4ca7-8e0f-78166ba02f30,MEDIUM,CRITICAL
aa4e988c-32f0-439a-b262-1814bc3720df,LOW,MEDIUM
40801635-e02d-4323-9a5b-8381d613555b,MEDIUM,HIGH
8731769b-8548-42c9-a7df-31767b32cebd,HIGH,CRITICAL
013de1b3-56c6-4d49-98c9-775d63252fe3,CRITICAL,MEDIUM
a67c0b14-770b-43aa-954c-5852368e67fd,MEDIUM,HIGH
97293b8c-54e4-494f-bafa-b154dc4799e4,LOW,MEDIUM
aa7879bb-bb87-4d9c-9d1a-f62d3fe2cc80,CRITICAL,HIGH
5d4c1ba5-0ee7-4a62-ba5a-31a809e30c5f,LOW,MEDIUM
6a22de15-0fec-4967-9bda-1224814a439f,CRITICAL,MEDIUM
bf865e39-62f6-4616-af57-c6e4b50ab726,CRITICAL,MEDIUM
c914e30a-2e26-47ec-bd0f-37c2413667f5,HIGH,CRITICAL
c575af07-94bb-4d63-bfb2-b948d3f6c44f,HIGH,CRITICAL
d486499c-4d1a-4f5b-b26d-e82a16e52408,CRITICAL,HIGH
e464ec2c-fb93-4517-b0d2-d52f4401678e,CRITICAL,HIGH
d2b6e704-5ac5-45c1-b5cb-4a10ff082bd9,CRITICAL,MEDIUM
03aa1f4a-1b3a-48e9-af7a-31998ff0502d,MEDIUM,CRITICAL
f4f0fa59-404b-4387-b582-0b7ca402dbf5,MEDIUM,HIGH
32a8c32d-7900-41c1-8d25-c4cb0f69e4d1,MEDIUM,CRITICAL
92fd067c-7181-4425-9ede-646dc6a10d0b,MEDIUM,CRITICAL
ad0ffdb4-bb03-47da-b46a-07ccdcdf5194,CRITICAL,MEDIUM
0b5613f3-4573-48dc-827a-9e62be9e700e,CRITICAL,MEDIUM
a234277b-a259-4bf7-9559-bcba54112280,HIGH,CRITICAL
ec2d0174-395e-49ac-ad5e-65ed540f361e,MEDIUM,CRITICAL
2abb2db2-c967-4273-9fdc-c95bbc36897e,CRITICAL,HIGH
4af9921c-9c9a-48e4-be92-a91fda622f2b,MEDIUM,HIGH
926d3f1b-7182-4e53-b077-deaf2fec322e,HIGH,CRITICAL
9185b404-ac2f-4b3f-89aa-2a9952df16fb,CRITICAL,MEDIUM
b1d8fc88-3d7a-4451-bf09-ac23217b2718,CRITICAL,HIGH
b8229b8e-ad88-42eb-a6a5-3bad34066859,CRITICAL,HIGH
7f652b3c-97b3-489b-b19a-284d671c061d,MEDIUM,HIGH
6d08c32d-ae6d-4acb-aca1-b48e3be8c64d,CRITICAL,MEDIUM
b7807bf1-ac0c-40de-87d1-d5cc6ad31335,MEDIUM,CRITICAL
d6897c7a-dfb6-4503-8228-b5861a8a379d,HIGH,MEDIUM
529c6a4e-1f0b-4a52-ac81-5af402817e50,LOW,HIGH
947b56de-3e5a-448c-bd3e-d4644010c6d9,MEDIUM,CRITICAL
1caaf4ff-bb07-41fd-b36e-ed3e44f2854f,MEDIUM,HIGH
faae1aba-6a78-41f8-b757-687ae75899d2,CRITICAL,HIGH
9a6b964e-872e-4f11-aaab-5169a8ec8d53,MEDIUM,CRITICAL
f7fc3f1d-ee12-422e-a805-0998744ab2e5,CRITICAL,MEDIUM
ac5d159e-3de8-4a59-8f93-e2562757642c,CRITICAL,HIGH
730ac984-d6c7-461f-937e-36352adec2bf,HIGH,CRITICAL
da9743fb-702a-448b-8375-be2599014784,MEDIUM,HIGH
16d0fd20-2989-4fb7-a4da-a4f025ababf3,HIGH,CRITICAL
1cae2c8d-360a-47f3-9e06-5e0bf5b09470,LOW,HIGH
09ea08d5-cb02-485e-8b6a-9f53944a694e,HIGH,CRITICAL
d1483dff-17f9-45b3-a291-e57d854c32a4,CRITICAL,HIGH
2bf297de-d5b2-4964-94bc-e67b9dcdef2b,MEDIUM,HIGH
1c022ea5-644b-4107-921a-065c6303d789,LOW,HIGH
be420060-4b66-410a-a747-e88a79e18205,CRITICAL,MEDIUM
74b3f7e7-378f-45cd-96c9-9a2ecae6cf15,HIGH,CRITICAL
09efe1d7-f0c8-49fc-8af9-a7a73a1ce323,MEDIUM,HIGH
75e6815e-2b2e-4154-a00e-c537a2cad08a,CRITICAL,MEDIUM
5c6ffed0-30f0-4a0b-b65c-72a6741b078b,MEDIUM,HIGH
4ff44f8c-0fa8-41f3-a212-bf502079203d,HIGH,CRITICAL
4ca20273-3446-471e-87b6-c3d1a0175151,HIGH,CRITICAL
881bbfa8-d547-4fe5-ab19-80ca670c4b55,MEDIUM,HIGH
ce5b2708-b882-4707-9eb4-09c2bb1cc04d,LOW,MEDIUM
d8efd69e-760a-40ab-b5a6-4e1983d9a571,CRITICAL,HIGH
8d1d0ca6-981d-461a-92f2-c4f81f8ca8e0,CRITICAL,MEDIUM
7189b075-fd87-436e-a892-46976aa6bbd1,CRITICAL,MEDIUM
2f6c83a1-b4af-454c-bac1-4e13d65435e2,MEDIUM,HIGH
a00e37dd-6905-4720-9986-ad824c17097a,MEDIUM,HIGH
afb66245-a212-40b6-ad73-d68b5fd106d2,HIGH,CRITICAL
ffe94d1b-afe5-497e-bcb7-0fe8fbe13169,CRITICAL,MEDIUM
dbe687b1-68d0-41e1-a05c-6b8198bf2a6d,LOW,HIGH
e3786997-9b28-4d02-8a35-e3d8dd695140,LOW,MEDIUM
e4d6454c-e1ce-4624-a58e-b7b38efa7d16,CRITICAL,HIGH
feae20aa-4519-4755-ad34-77b819c7298f,MEDIUM,CRITICAL
