feature,iv,strength,n_bins,monotonic,leakage_suspect
arrears_ratio,0.4984,strong,6,True,False
penal_charges,0.4824,strong,6,True,False
dpd,0.4769,strong,6,True,False
penal_ratio,0.4421,strong,6,True,False
dpd_bucket,0.4265,strong,5,True,False
overdue_amount,0.3418,strong,6,True,False
days_since_last_payment,0.1897,medium,6,True,False
paid_ratio_3m,0.1893,medium,6,True,False
cibil_score,0.1781,medium,6,True,False
paid_ratio_6m,0.1256,medium,6,True,False
visits_3m,0.122,medium,6,True,False
visits_6m,0.1117,medium,6,True,False
paid_ratio_12m,0.0825,weak,6,True,False
contact_rate_6m,0.0641,weak,3,True,False
total_outstanding,0.049,weak,6,True,False
ptp_kept_ratio,0.0389,weak,3,True,False
emi_amount,0.0388,weak,6,True,False
months_on_book,0.0349,weak,6,True,False
sanction_amount,0.0302,weak,6,True,False
ptp_kept_6m,0.0276,weak,2,True,False
outstanding_principal,0.0221,weak,6,True,False
days_since_last_contact,0.0221,weak,3,True,False
employment_type,0.0128,unpredictive,3,True,False
loan_type,0.0084,unpredictive,6,True,False
interest_rate,0.0076,unpredictive,6,True,False
is_secured,0.0074,unpredictive,2,True,False
tenure_months,0.0055,unpredictive,4,True,False
outstanding_to_sanction,0.0035,unpredictive,4,True,False
branch_code,0.0023,unpredictive,6,True,False
ptp_set_6m,0.0019,unpredictive,2,True,False
city,0.0018,unpredictive,5,True,False
age,0.0005,unpredictive,4,True,False
distinct_agents_6m,0.0,unpredictive,1,True,False
