visit_id,finding_type,agent_id,verdict,note,reviewed_by_user_id,reviewed_at,id
39e9a24f-ab67-4c7b-9153-820b6a1b5da4,OVERLAPPING_VISITS,c33350cc-f581-492e-807f-14262d56ebcb,CONFIRMED,,4005e8c2-4806-4f40-8fc0-3ffb9119c7c5,2026-09-03 08:41:31.318059+00,0a6ea4a3-d30b-4d68-a069-f0cc92966719
f19f115a-22d3-49ad-a02e-1030ee6342df,IMPOSSIBLE_TRAVEL,3aa13103-bd03-4578-9292-44d88d58da00,CONFIRMED,,4005e8c2-4806-4f40-8fc0-3ffb9119c7c5,2026-09-03 08:41:30.816645+00,0cf15cdc-2987-422c-b448-05a2e6ad8415
52d1bee1-14f8-4bf2-93ec-00a1729cee44,IMPOSSIBLE_TRAVEL,5fbae4d6-59d1-4e6c-8a80-fe57244a45bb,CONFIRMED,,4005e8c2-4806-4f40-8fc0-3ffb9119c7c5,2026-09-03 08:41:27.081924+00,11cf5ab5-a41f-4553-b326-304c66e05daa
e6f5109c-ef09-468d-b29c-b0e4e6db2a57,IMPOSSIBLE_TRAVEL,c2f2e0ce-5aeb-4ece-8325-2167edfe139e,DISMISSED,,4005e8c2-4806-4f40-8fc0-3ffb9119c7c5,2026-09-01 06:22:42.428133+00,12b757bc-e4e4-4bbd-8263-04951c980b52
c5245d5a-f569-4aba-9c4f-0e7007e07d7a,OVERLAPPING_VISITS,2b6de8aa-0976-4be0-8a40-043ff86ffa54,CONFIRMED,,4005e8c2-4806-4f40-8fc0-3ffb9119c7c5,2026-09-01 05:00:22.132206+00,15429531-a746-4300-9ed1-08044bfec3f3
3947b638-9921-417b-ac2f-0d19455d50c9,OVERLAPPING_VISITS,c2f2e0ce-5aeb-4ece-8325-2167edfe139e,CONFIRMED,,4005e8c2-4806-4f40-8fc0-3ffb9119c7c5,2026-09-03 08:41:31.997418+00,1af37c66-d05d-43ea-aed8-f028acf08fc1
8e83f114-0d75-49b3-9514-a686aa84fcfe,OVERLAPPING_VISITS,c2f2e0ce-5aeb-4ece-8325-2167edfe139e,CONFIRMED,,4005e8c2-4806-4f40-8fc0-3ffb9119c7c5,2026-09-03 08:41:29.431843+00,21539356-7f95-4fa2-a015-a4e198380fdf
4b6d73ca-0506-4e2f-914e-948f1c6b90da,IMPOSSIBLE_TRAVEL,c6ca60b7-2143-412b-887e-c30ae9cda031,CONFIRMED,,4005e8c2-4806-4f40-8fc0-3ffb9119c7c5,2026-09-03 08:41:24.8924+00,26b9d8cd-07b5-423a-964c-a5f51c111213
032af682-c0d4-4c96-ae0b-b2a6707f54e3,IMPOSSIBLE_TRAVEL,3e9c4168-1de9-43e8-b9f2-fbf3f931949d,CONFIRMED,,4005e8c2-4806-4f40-8fc0-3ffb9119c7c5,2026-09-14 11:11:32.791027+00,2bf192dc-948a-46ab-a442-e0caa8275608
bba41fa0-931f-4461-b49a-b0d4eb229eac,IMPOSSIBLE_TRAVEL,2dfc73e0-dba9-4aa5-babf-d5141ded5497,CONFIRMED,,4005e8c2-4806-4f40-8fc0-3ffb9119c7c5,2026-09-03 08:41:31.07052+00,3277700b-9d35-422f-9df6-38826b80c2ac
5c2e5919-46ee-4488-8d26-124e96a74d93,IMPOSSIBLE_TRAVEL,2dfc73e0-dba9-4aa5-babf-d5141ded5497,CONFIRMED,,4005e8c2-4806-4f40-8fc0-3ffb9119c7c5,2026-09-03 08:41:25.456094+00,33962955-2b08-4b98-ab14-76bac7b7b5c9
ce5b29ca-22f8-4346-bbd7-6023698f193c,IMPOSSIBLE_TRAVEL,a2e2555c-f597-43af-a77a-fe708f967218,CONFIRMED,,4005e8c2-4806-4f40-8fc0-3ffb9119c7c5,2026-09-01 06:22:33.963711+00,3a90b0b4-7c85-4240-b698-0af0d34d424c
8a7d63ba-aa95-47b1-a230-1b29a83a831a,IMPOSSIBLE_TRAVEL,2b6de8aa-0976-4be0-8a40-043ff86ffa54,CONFIRMED,,4005e8c2-4806-4f40-8fc0-3ffb9119c7c5,2026-09-01 05:00:25.651387+00,46131dbc-608e-454c-a23b-efd8f3783cc3
3b6d3641-ff74-4e4f-aed1-f1ee58b698c1,IMPOSSIBLE_TRAVEL,3aa13103-bd03-4578-9292-44d88d58da00,CONFIRMED,,4005e8c2-4806-4f40-8fc0-3ffb9119c7c5,2026-09-03 08:41:26.461025+00,4b009423-0ffe-4ae4-bf40-be9f76519ac9
652860c8-dbee-4611-9485-b5a253a4df0b,OVERLAPPING_VISITS,357e2e09-b637-468e-818b-57a5dce18e9c,CONFIRMED,,4005e8c2-4806-4f40-8fc0-3ffb9119c7c5,2026-09-01 05:07:48.952647+00,4d562f6f-17b8-4502-84ce-e0b60e9209aa
7d8fdf5f-edee-45fb-87af-ff68a20ba8ff,OVERLAPPING_VISITS,4a182f53-a1a1-4f15-945a-6a56f4e04b64,CONFIRMED,,4005e8c2-4806-4f40-8fc0-3ffb9119c7c5,2026-09-03 08:41:27.286018+00,51dc0ef9-1a1a-45cc-9bc0-85f360eb2526
5cfc30d6-d75d-4b80-bd23-e883ed479cfe,IMPOSSIBLE_TRAVEL,c37b6a5c-9d1c-46d4-8ece-dfce290dc74b,CONFIRMED,,4005e8c2-4806-4f40-8fc0-3ffb9119c7c5,2026-09-03 08:41:30.345737+00,5333a006-f9e2-4c40-87a7-6b445639f5ec
12f18b71-933d-493f-a363-9c00b75bf7c1,IMPOSSIBLE_TRAVEL,2b6de8aa-0976-4be0-8a40-043ff86ffa54,CONFIRMED,,4005e8c2-4806-4f40-8fc0-3ffb9119c7c5,2026-09-03 08:41:26.845249+00,6acd84f8-71c6-46c4-ad50-65648dd286e3
8093dfa2-c20e-4774-beec-d111cb12d576,OVERLAPPING_VISITS,a2e2555c-f597-43af-a77a-fe708f967218,DISMISSED,,4005e8c2-4806-4f40-8fc0-3ffb9119c7c5,2026-09-01 06:22:39.086821+00,711be823-0dbb-4c26-a9c7-d15e7db718f7
12116a81-3d71-4c7c-93c6-3f1b78f2b695,IMPOSSIBLE_TRAVEL,2b6de8aa-0976-4be0-8a40-043ff86ffa54,CONFIRMED,,4005e8c2-4806-4f40-8fc0-3ffb9119c7c5,2026-09-03 08:41:25.197369+00,80f1b83d-26f8-44ab-a41f-478960aaeff5
2b6430a0-3eb8-4fd4-a06b-d86d3fd82c32,IMPOSSIBLE_TRAVEL,c6ca60b7-2143-412b-887e-c30ae9cda031,CONFIRMED,,4005e8c2-4806-4f40-8fc0-3ffb9119c7c5,2026-09-03 08:41:27.722025+00,8746f63c-eb99-4309-9621-3241a9e82a28
72beb397-c5b9-4749-a2a7-34c320b8caf4,OVERLAPPING_VISITS,2dfc73e0-dba9-4aa5-babf-d5141ded5497,CONFIRMED,,4005e8c2-4806-4f40-8fc0-3ffb9119c7c5,2026-09-03 08:41:23.807085+00,93b82f3d-a062-4d0c-b118-deff2ac3336a
d6dc67d6-7bd2-4fed-857a-816e580733a4,OVERLAPPING_VISITS,a2e2555c-f597-43af-a77a-fe708f967218,CONFIRMED,,4005e8c2-4806-4f40-8fc0-3ffb9119c7c5,2026-09-03 08:41:27.950032+00,941b453b-5dfb-40c0-8880-de39881023b5
f7ca0691-0b1a-4b78-be85-26df7d8daddb,IMPOSSIBLE_TRAVEL,2b6de8aa-0976-4be0-8a40-043ff86ffa54,CONFIRMED,,4005e8c2-4806-4f40-8fc0-3ffb9119c7c5,2026-09-03 08:41:23.261252+00,a2327db8-39bf-492b-a399-4f40caf762e6
a400f8d8-cd00-40c2-9b51-03fc1e1fbb28,IMPOSSIBLE_TRAVEL,c37b6a5c-9d1c-46d4-8ece-dfce290dc74b,CONFIRMED,,4005e8c2-4806-4f40-8fc0-3ffb9119c7c5,2026-09-01 05:00:23.952868+00,a95a4029-cea9-44a0-a718-d7199f9afb20
01aad850-9734-489b-9cda-e34bae913557,OVERLAPPING_VISITS,c37b6a5c-9d1c-46d4-8ece-dfce290dc74b,DISMISSED,,4005e8c2-4806-4f40-8fc0-3ffb9119c7c5,2026-09-01 06:22:41.255266+00,aef6623f-e697-4e45-9e8a-ca1d97c8ebef
9d873d7a-ead9-45b6-b8fb-ed2b0d923c8b,OVERLAPPING_VISITS,c37b6a5c-9d1c-46d4-8ece-dfce290dc74b,CONFIRMED,,4005e8c2-4806-4f40-8fc0-3ffb9119c7c5,2026-09-14 11:11:45.616285+00,b620bce1-5215-4a8b-ae18-c9798321f9ec
b8d3adf4-599b-40d4-b29f-4c6b78946ca6,OVERLAPPING_VISITS,3aa13103-bd03-4578-9292-44d88d58da00,CONFIRMED,,4005e8c2-4806-4f40-8fc0-3ffb9119c7c5,2026-09-01 06:22:33.244029+00,bbc96c62-39d6-4f18-8b29-65c491b0c90c
e5752e6a-8292-4bf3-bfc0-3881d6a1585a,OVERLAPPING_VISITS,357e2e09-b637-468e-818b-57a5dce18e9c,DISMISSED,,4005e8c2-4806-4f40-8fc0-3ffb9119c7c5,2026-09-01 06:22:40.116906+00,d4e7d7e7-60e2-4e1d-88b0-efda3a8d3f8b
9ba21116-2c5b-4724-87c9-f7b853b5287d,OVERLAPPING_VISITS,3e9c4168-1de9-43e8-b9f2-fbf3f931949d,CONFIRMED,,4005e8c2-4806-4f40-8fc0-3ffb9119c7c5,2026-09-03 08:41:22.591959+00,d70e3fd4-2a51-42e7-b727-8893650dc1c3
eda363c1-68a7-41cb-811c-b095d4aae973,IMPOSSIBLE_TRAVEL,a2e2555c-f597-43af-a77a-fe708f967218,CONFIRMED,,4005e8c2-4806-4f40-8fc0-3ffb9119c7c5,2026-09-03 08:41:30.115104+00,e95f7a86-9309-4ca4-ba1e-d33dff4d95af
c40521c2-f595-49fb-82c1-e34a4ab247ce,OVERLAPPING_VISITS,2b6de8aa-0976-4be0-8a40-043ff86ffa54,CONFIRMED,,4005e8c2-4806-4f40-8fc0-3ffb9119c7c5,2026-09-01 05:07:46.85929+00,eb4bb50f-70bd-4a0a-9552-54affd45a793
7d9d86d5-99dd-4c57-884b-b1231fcefeec,IMPOSSIBLE_TRAVEL,3e9c4168-1de9-43e8-b9f2-fbf3f931949d,CONFIRMED,,4005e8c2-4806-4f40-8fc0-3ffb9119c7c5,2026-09-03 08:41:29.664121+00,f004a848-c823-45fb-90b4-919a296d652c
a4dc94bd-cfac-40c7-a765-841a524aa159,IMPOSSIBLE_TRAVEL,c2f2e0ce-5aeb-4ece-8325-2167edfe139e,CONFIRMED,,4005e8c2-4806-4f40-8fc0-3ffb9119c7c5,2026-09-01 05:08:01.109995+00,f162957a-34d9-4da7-808a-342f56248525
b3fa0948-8038-40a7-b308-11c56e25302d,IMPOSSIBLE_TRAVEL,c2f2e0ce-5aeb-4ece-8325-2167edfe139e,CONFIRMED,,4005e8c2-4806-4f40-8fc0-3ffb9119c7c5,2026-09-03 08:41:26.02507+00,ffa22b5e-fe70-4226-8308-aa321a1e9ad9
