email,phone,full_name,date_of_birth,hashed_password,role,is_active,is_verified,registered_device_fingerprint,hashed_refresh_token,totp_secret,totp_enabled,last_login_at,failed_login_attempts,locked_until,id,created_at,updated_at
agent003@tiqcollect.in,9770000003,Rajesh Kumar Yadav,1990-11-23,$2b$12$Ps.K3rsF84qcQiXITcf.2.ECkC3WIkvIgoaiDXHDxG1qhLPonQ18m,FIELD_AGENT,t,t,,$2b$12$BA5N4jf1YIKHJlfmtrbdDezkfD7j3EzsOnlmVLosRIRUO0eZAWKPG,,f,2026-09-15T04:56:33.844158+00:00,0,,16d32fd1-e8ce-4e4a-883b-e7c3d73faa13,2026-08-27 11:27:59.466492+00,2026-09-15 04:56:34.303407+00
agent005@tiqcollect.in,9770000005,Mohammed Zafar Khan,1992-07-30,$2b$12$/50IJMyyk0n19BucLQyJe.Py0pSZxvKSaEK0dRZ0cfHwzaJlE/JEO,FIELD_AGENT,t,t,,,,f,2026-08-31T07:30:57.401633+00:00,0,,17d9006e-9109-4758-b38f-5e090ba5de22,2026-08-27 11:27:59.466498+00,2026-08-31 08:39:47.140695+00
agent008@tiqcollect.in,9770000008,Karan Rawat Singh,1996-12-02,$2b$12$ZL2eowHqZzNjNymCe5iVXOKJJk50AuYb90xiAfehxquzUZF0gSo7K,FIELD_AGENT,t,t,,,,f,2026-09-14T11:18:17.641929+00:00,0,,1c7eae1a-6025-4e8c-9406-43536e76e01c,2026-08-27 11:27:59.466505+00,2026-09-14 11:18:39.70034+00
agent009@tiqcollect.in,9770000009,Deepak Narayan Joshi,1993-08-25,$2b$12$1WUWe2aZcC3oZIVnTod03OOlnFUrHlso5oTfrzJj/5le0raKcDUh2,FIELD_AGENT,t,t,,$2b$12$iJ0m9k7MgBQ9IymdvSg9sOrnwgeixxiUdHwSUOzsDrtcpimlGWR0u,,f,2026-09-08T11:28:40.504480+00:00,0,,2fdf9b17-662c-4347-9744-4463a63d0ba3,2026-08-27 11:27:59.466508+00,2026-09-08 11:28:40.821194+00
agent017@tiqcollect.in,9770000017,Devraj Anand Kapoor,1995-04-21,$2b$12$4caCxQWxZC4yCRksQ2NlduvqIHasU772zlO.jj9764JEHDgCzzSSK,FIELD_AGENT,t,t,,,,f,,0,,3c0ad9c4-6529-48f1-a7be-0f406a0858f0,2026-08-27 11:27:59.466529+00,2026-08-27 11:27:59.46653+00
manager1@tiqcollect.in,9810000001,Vikram Malhotra,1981-03-14,$2b$12$Skb4z/gKPIlgkiWo7L9ZG.anznhCL9p1m97H67o.RxZyM9UEUHAjG,AGENCY_MANAGER,t,t,,$2b$12$DM8xLFRgjs6Zt4oLCcMjLuekw9MXAve77wzUkwthoB1pxH.CCkupK,,f,2026-09-23T10:49:37.480665+00:00,0,,4005e8c2-4806-4f40-8fc0-3ffb9119c7c5,2026-08-27 11:27:54.956204+00,2026-09-23 11:45:01.240172+00
agent012@tiqcollect.in,9770000012,Pankaj Kumar Sinha,1994-10-11,$2b$12$MIJbBe4ZMXvaOr54hdSp0.xqUwS4NE5SS7/cEya8sUxSZ1qn//V0C,FIELD_AGENT,t,t,,,,f,2026-09-08T11:29:20.266875+00:00,0,,4ed35aaf-c302-4365-a896-3120d785b254,2026-08-27 11:27:59.466515+00,2026-09-08 11:46:43.020693+00
agent006@tiqcollect.in,9770000006,Anil Kumar Mishra,1998-01-07,$2b$12$OZec5pu5hLiabHeaRAYlo.i9AJ6djZqC0uNoldKaDsfiucA0CmOXG,FIELD_AGENT,t,t,,,,f,2026-09-14T05:25:32.862218+00:00,0,,5ed80555-e71b-4518-bb42-589dc15db2fd,2026-08-27 11:27:59.4665+00,2026-09-14 05:26:05.221351+00
agent001@tiqcollect.in,9770000001,Arjun Singh Chauhan,1994-04-12,$2b$12$rEcXNPUtYGMkbkNpSFNzmOmyItSDm50pP3cXun1/hZYtXleLG/Yk.,FIELD_AGENT,t,t,,,,f,2026-09-10T08:34:04.905614+00:00,0,,67939c4e-283e-471f-8f14-28b0b8807f61,2026-08-27 11:27:59.466481+00,2026-09-10 08:34:17.563982+00
agent018@tiqcollect.in,9770000018,Rohit Anand Saxena,1992-12-15,$2b$12$Eheb6cyagNRtVE2zrToT0OPLHHvplGcfhnkQ645q79lUz12G60H6m,FIELD_AGENT,t,t,,,,f,,0,,6c45b6bc-444e-44f3-9f89-11ac9b60b50a,2026-08-27 11:27:59.466531+00,2026-08-27 11:27:59.466532+00
agent013@tiqcollect.in,9770000013,Rahul Dev Pandey,1989-03-07,$2b$12$eJguwaLr8RVutDuUI.TShek580HTYRLYIBhPxhEvUyJSRwEiAG69q,FIELD_AGENT,t,t,,,,f,,0,,75bb499e-1fc3-428a-93f7-ba88cc2f31a9,2026-08-27 11:27:59.466518+00,2026-08-27 11:27:59.466519+00
agent010@tiqcollect.in,9770000010,Sunil Kumar Sharma,1991-05-19,$2b$12$8IrlXddgg.BZ.lI4eB55W.ii8fzeHQSuKG.whlF/BXd2h0u9PdlZK,FIELD_AGENT,t,t,,$2b$12$fcR5Sx/ZWnbqPC/xXBxFGeAofNNNEvu1ntyLQ6OxbXO59vTYFhQwK,,f,2026-09-08T10:47:46.622108+00:00,0,,7c85afcd-16a0-4167-9651-2e3a372dda3a,2026-08-27 11:27:59.46651+00,2026-09-08 10:47:46.885699+00
agent015@tiqcollect.in,9770000015,Akash Ratan Verma,1993-01-29,$2b$12$o1P.sLK/QNPn1MZkyyo6y.ncOf3Y3yx5aSgwCxpmRG/D3o1SbHiPG,FIELD_AGENT,t,t,,,,f,,0,,90670f15-5d83-44a3-ad59-5184532f3f18,2026-08-27 11:27:59.466523+00,2026-08-27 11:27:59.466524+00
agent014@tiqcollect.in,9770000014,Mohan Lal Nair,1997-07-16,$2b$12$Fw./3lPUImPiBitLiO9cs.6EXVQpCR3KMPUMXcGNdzFqvvT7R1J2i,FIELD_AGENT,t,t,,$2b$12$q1smlewoB03kGLisC4DkZuRfK/EU/q6EgRe15mDuRCeoJ7DyNI2nm,,f,2026-09-21T07:20:27.414705+00:00,0,,92c86b5b-e48e-4f95-9953-7ced44506c5d,2026-08-27 11:27:59.46652+00,2026-09-21 07:20:27.871613+00
agent016@tiqcollect.in,9770000016,Sanjay Mohan Gupta,1990-09-03,$2b$12$A82obuV19uZZaOa8U3wwluc758Wuh8qQuWq4Ja5tqTA3NHvZIXyRy,FIELD_AGENT,t,t,,,,f,,0,,953b51dd-a344-448c-aff2-914e50118774,2026-08-27 11:27:59.466525+00,2026-08-27 11:27:59.466527+00
agent004@tiqcollect.in,9770000004,Nitesh Gupta Agarwal,1995-03-18,$2b$12$gV9VmM5IFulNm3nnpcxoMuwz3zNOcyH1Q7C0bP4P/d.yM9ItZSlhi,FIELD_AGENT,t,t,,,,f,2026-09-09T07:20:28.938922+00:00,0,,aad2409d-2b87-4d8a-a69c-6e9dd7d736b3,2026-08-27 11:27:59.466495+00,2026-09-09 07:20:43.018451+00
agent007@tiqcollect.in,9770000007,Suresh Chand Tiwari,1988-06-14,$2b$12$YqE7ZizpJzTs5ZSiSkQfdudumzDXVWSzG40Q7LU8r6ohuZUaX8/oW,FIELD_AGENT,t,t,,$2b$12$HRy0fwnldcgL8KiHZ0.yv.3z4kdRk4bIMUQWB2h.iaFXUHuRqUT52,,f,2026-09-23T06:59:16.545890+00:00,0,,c01fba96-fcb3-4c8f-81a0-92b87b3e2a43,2026-08-27 11:27:59.466502+00,2026-09-23 10:48:52.530018+00
agent011@tiqcollect.in,9770000011,Vivek Prasad Dubey,1999-02-28,$2b$12$ZnKXIr/LYBL3pZtIX5WdkOsxJTZ5VmtWvcVO4ddK6TkEhKQKmy7E.,FIELD_AGENT,t,t,,,,f,,0,,dc87b75b-d11a-4286-a3e9-cc58233dcaa0,2026-08-27 11:27:59.466513+00,2026-08-27 11:27:59.466514+00
admin@tiqcollect.in,9000000000,System Admin,,$2b$12$mRy69hj1XgaQvp3PQIEtKuerCSzT0KjUpYP.nmItD6uAIojutIRI2,AGENCY_ADMIN,t,t,,,,f,,0,,e76c000f-245c-4c97-9cac-c3383e91f666,2026-08-27 11:27:54.956218+00,2026-08-27 11:27:54.956219+00
manager2@tiqcollect.in,9810000002,Sunita Kapoor,1986-07-22,$2b$12$eFmWLHQn0A9ELCOArI3/aettRS1I49o152rznpolTV412EbEKyMYG,AGENCY_MANAGER,t,t,,$2b$12$dhnCcPSzzkxH1VO.YyY0ieDvQRC/DBGcyFR7/7yDUwnSH4uVvoIDa,,f,2026-08-28T18:26:00.705948+00:00,0,,f8728caa-6efb-4506-93ac-120f22963a7b,2026-08-27 11:27:54.956216+00,2026-08-28 18:26:00.992574+00
agent002@tiqcollect.in,9770000002,Piyush Sharma,1997-09-05,$2b$12$E3/dDHnOFXcMXSDFWeZz9uDM1xGtJdQbS456dRnqkpffb9yRnFV0O,FIELD_AGENT,t,t,,$2b$12$kzJMjeXS0Ro3U7xtyb.w6u7iAyuKWbtH6OtsBJki/7pcnH8Lkenoq,,f,2026-09-23T09:10:16.091373+00:00,0,,f95de2eb-9fc0-49ef-bc00-d64349a03e19,2026-08-27 11:27:59.466489+00,2026-09-23 09:10:16.34298+00
