kind,id,field,value
visit_deleted,4ed936c3-4ceb-4b86-a674-1e76459e7b0a,case_id,12a40d91-5e4d-49b3-93c7-3c814c04a69d
visit_deleted,4ed936c3-4ceb-4b86-a674-1e76459e7b0a,outcome,PTP
visit_deleted,4ed936c3-4ceb-4b86-a674-1e76459e7b0a,check_in_time,2026-08-26T09:15:00+00:00
visit_deleted,4ed936c3-4ceb-4b86-a674-1e76459e7b0a,agent_id,357e2e09-b637-468e-818b-57a5dce18e9c
visit_deleted,4ed936c3-4ceb-4b86-a674-1e76459e7b0a,visit_number,3
visit_deleted,63cc9b67-3f34-4ae7-9285-180222f8ad21,case_id,34a83a97-bdaa-4b85-81c3-980fba9da7b3
visit_deleted,63cc9b67-3f34-4ae7-9285-180222f8ad21,outcome,PTP
visit_deleted,63cc9b67-3f34-4ae7-9285-180222f8ad21,check_in_time,2026-09-02T13:42:00+00:00
visit_deleted,63cc9b67-3f34-4ae7-9285-180222f8ad21,agent_id,2dfc73e0-dba9-4aa5-babf-d5141ded5497
visit_deleted,63cc9b67-3f34-4ae7-9285-180222f8ad21,visit_number,4
visit_deleted,7ca5b0a7-799c-49ce-b59f-19e9b3b1cb02,case_id,48f6da6d-8144-43c5-9190-85dd36b86026
visit_deleted,7ca5b0a7-799c-49ce-b59f-19e9b3b1cb02,outcome,PAID_FULL
visit_deleted,7ca5b0a7-799c-49ce-b59f-19e9b3b1cb02,check_in_time,2026-09-01T11:48:00+00:00
visit_deleted,7ca5b0a7-799c-49ce-b59f-19e9b3b1cb02,agent_id,2b6de8aa-0976-4be0-8a40-043ff86ffa54
visit_deleted,7ca5b0a7-799c-49ce-b59f-19e9b3b1cb02,visit_number,2
visit_deleted,8cf65faa-0915-43fa-842e-00dbc7b097ef,case_id,7e6a068c-81ea-4d8d-bfd9-5568ca5914bd
visit_deleted,8cf65faa-0915-43fa-842e-00dbc7b097ef,outcome,RTP
visit_deleted,8cf65faa-0915-43fa-842e-00dbc7b097ef,check_in_time,2026-07-16T14:48:00+00:00
visit_deleted,8cf65faa-0915-43fa-842e-00dbc7b097ef,agent_id,cd9e6eca-028e-4c61-8e82-048327bc4476
visit_deleted,8cf65faa-0915-43fa-842e-00dbc7b097ef,visit_number,1
visit_deleted,fe9b898c-553d-49ff-8732-419e55fe5906,case_id,7e6a068c-81ea-4d8d-bfd9-5568ca5914bd
visit_deleted,fe9b898c-553d-49ff-8732-419e55fe5906,outcome,PTP
visit_deleted,fe9b898c-553d-49ff-8732-419e55fe5906,check_in_time,2026-08-26T09:05:00+00:00
visit_deleted,fe9b898c-553d-49ff-8732-419e55fe5906,agent_id,cd9e6eca-028e-4c61-8e82-048327bc4476
visit_deleted,fe9b898c-553d-49ff-8732-419e55fe5906,visit_number,3
visit_deleted,35a13837-34f6-41a0-a77e-ae81e2609370,case_id,0dd8e62a-6fed-4336-908e-830044c97213
visit_deleted,35a13837-34f6-41a0-a77e-ae81e2609370,outcome,PTP
visit_deleted,35a13837-34f6-41a0-a77e-ae81e2609370,check_in_time,2026-08-26T08:14:00+00:00
visit_deleted,35a13837-34f6-41a0-a77e-ae81e2609370,agent_id,c6ca60b7-2143-412b-887e-c30ae9cda031
visit_deleted,35a13837-34f6-41a0-a77e-ae81e2609370,visit_number,2
visit_deleted,634a73c0-148c-4528-b3aa-0a4a63964a72,case_id,3d6aefac-5b91-482c-b033-e11f15822263
visit_deleted,634a73c0-148c-4528-b3aa-0a4a63964a72,outcome,PTP
visit_deleted,634a73c0-148c-4528-b3aa-0a4a63964a72,check_in_time,2026-08-25T09:39:00+00:00
visit_deleted,634a73c0-148c-4528-b3aa-0a4a63964a72,agent_id,b06cd5a3-f1c0-4cdb-b241-9ce2d6c5e791
visit_deleted,634a73c0-148c-4528-b3aa-0a4a63964a72,visit_number,3
visit_deleted,5cf08e45-b229-4766-a7e9-1713cfb17b28,case_id,93545374-d9a6-4842-ab1d-bd6980b81ed9
visit_deleted,5cf08e45-b229-4766-a7e9-1713cfb17b28,outcome,NOT_AVAILABLE
visit_deleted,5cf08e45-b229-4766-a7e9-1713cfb17b28,check_in_time,2026-08-26T12:37:00+00:00
visit_deleted,5cf08e45-b229-4766-a7e9-1713cfb17b28,agent_id,a2e2555c-f597-43af-a77a-fe708f967218
visit_deleted,5cf08e45-b229-4766-a7e9-1713cfb17b28,visit_number,3
visit_deleted,f1321fc7-bbb1-44bc-a252-88f2fbd66a67,case_id,aec51496-5e60-4d0d-82cc-e74bc7dd32fb
visit_deleted,f1321fc7-bbb1-44bc-a252-88f2fbd66a67,outcome,PART_PAID
visit_deleted,f1321fc7-bbb1-44bc-a252-88f2fbd66a67,check_in_time,2026-09-02T11:39:00+00:00
visit_deleted,f1321fc7-bbb1-44bc-a252-88f2fbd66a67,agent_id,2b6de8aa-0976-4be0-8a40-043ff86ffa54
visit_deleted,f1321fc7-bbb1-44bc-a252-88f2fbd66a67,visit_number,3
visit_deleted,b0e98ec4-31b7-4c5f-8b57-4a0cb4518d01,case_id,23098913-3108-4799-a107-fb41b6c5df65
visit_deleted,b0e98ec4-31b7-4c5f-8b57-4a0cb4518d01,outcome,PTP
visit_deleted,b0e98ec4-31b7-4c5f-8b57-4a0cb4518d01,check_in_time,2026-07-15T13:36:00+00:00
visit_deleted,b0e98ec4-31b7-4c5f-8b57-4a0cb4518d01,agent_id,4a182f53-a1a1-4f15-945a-6a56f4e04b64
visit_deleted,b0e98ec4-31b7-4c5f-8b57-4a0cb4518d01,visit_number,2
visit_deleted,7514f851-1b58-49cf-97e0-d684b7233b9e,case_id,23098913-3108-4799-a107-fb41b6c5df65
visit_deleted,7514f851-1b58-49cf-97e0-d684b7233b9e,outcome,PTP
visit_deleted,7514f851-1b58-49cf-97e0-d684b7233b9e,check_in_time,2026-08-27T13:18:00+00:00
visit_deleted,7514f851-1b58-49cf-97e0-d684b7233b9e,agent_id,4a182f53-a1a1-4f15-945a-6a56f4e04b64
visit_deleted,7514f851-1b58-49cf-97e0-d684b7233b9e,visit_number,3
visit_deleted,0a8bd26c-736f-474a-a44f-95f1f62f489b,case_id,c2fcb94b-c282-41a1-b640-40d865fb9609
visit_deleted,0a8bd26c-736f-474a-a44f-95f1f62f489b,outcome,NOT_AVAILABLE
visit_deleted,0a8bd26c-736f-474a-a44f-95f1f62f489b,check_in_time,2026-09-02T16:13:00+00:00
visit_deleted,0a8bd26c-736f-474a-a44f-95f1f62f489b,agent_id,b06cd5a3-f1c0-4cdb-b241-9ce2d6c5e791
visit_deleted,0a8bd26c-736f-474a-a44f-95f1f62f489b,visit_number,3
visit_deleted,de8a9689-0174-42f1-aef7-c7986ff1b86b,case_id,c82bc922-a062-4400-a475-fe15e721e62e
visit_deleted,de8a9689-0174-42f1-aef7-c7986ff1b86b,outcome,PART_PAID
visit_deleted,de8a9689-0174-42f1-aef7-c7986ff1b86b,check_in_time,2026-09-02T14:37:00+00:00
visit_deleted,de8a9689-0174-42f1-aef7-c7986ff1b86b,agent_id,c6ca60b7-2143-412b-887e-c30ae9cda031
visit_deleted,de8a9689-0174-42f1-aef7-c7986ff1b86b,visit_number,4
visit_deleted,707e9d6c-2aa8-4302-a419-4b8ca512d7ce,case_id,210783f0-6af8-49c2-b0f7-a7e78544b732
visit_deleted,707e9d6c-2aa8-4302-a419-4b8ca512d7ce,outcome,RTP
visit_deleted,707e9d6c-2aa8-4302-a419-4b8ca512d7ce,check_in_time,2026-08-26T13:14:00+00:00
visit_deleted,707e9d6c-2aa8-4302-a419-4b8ca512d7ce,agent_id,357e2e09-b637-468e-818b-57a5dce18e9c
visit_deleted,707e9d6c-2aa8-4302-a419-4b8ca512d7ce,visit_number,3
visit_deleted,2934ab39-9765-40df-8afe-32764cbd2b94,case_id,6e6d2afb-24ce-4273-8946-9b817857a3c5
visit_deleted,2934ab39-9765-40df-8afe-32764cbd2b94,outcome,NOT_AVAILABLE
visit_deleted,2934ab39-9765-40df-8afe-32764cbd2b94,check_in_time,2026-08-26T15:33:00+00:00
visit_deleted,2934ab39-9765-40df-8afe-32764cbd2b94,agent_id,357e2e09-b637-468e-818b-57a5dce18e9c
visit_deleted,2934ab39-9765-40df-8afe-32764cbd2b94,visit_number,2
visit_deleted,565b0655-d579-4f93-a163-584ab61edcc0,case_id,9ba59652-8be5-473d-a168-5293e492bddc
visit_deleted,565b0655-d579-4f93-a163-584ab61edcc0,outcome,PART_PAID
visit_deleted,565b0655-d579-4f93-a163-584ab61edcc0,check_in_time,2026-09-02T11:37:00+00:00
visit_deleted,565b0655-d579-4f93-a163-584ab61edcc0,agent_id,b06cd5a3-f1c0-4cdb-b241-9ce2d6c5e791
visit_deleted,565b0655-d579-4f93-a163-584ab61edcc0,visit_number,3
visit_deleted,f511317d-eccc-4d9f-a83d-735fa46b7c34,case_id,d65eede3-98ea-45c2-b7cb-ee89a83051b0
visit_deleted,f511317d-eccc-4d9f-a83d-735fa46b7c34,outcome,PTP
visit_deleted,f511317d-eccc-4d9f-a83d-735fa46b7c34,check_in_time,2026-08-26T13:30:00+00:00
visit_deleted,f511317d-eccc-4d9f-a83d-735fa46b7c34,agent_id,c33350cc-f581-492e-807f-14262d56ebcb
visit_deleted,f511317d-eccc-4d9f-a83d-735fa46b7c34,visit_number,2
visit_deleted,9861b93f-e086-4a81-ad46-9b60752dc5d3,case_id,dd1d5e99-3030-4e8d-9bbe-4577909d869c
visit_deleted,9861b93f-e086-4a81-ad46-9b60752dc5d3,outcome,PART_PAID
visit_deleted,9861b93f-e086-4a81-ad46-9b60752dc5d3,check_in_time,2026-09-02T13:28:00+00:00
visit_deleted,9861b93f-e086-4a81-ad46-9b60752dc5d3,agent_id,5fbae4d6-59d1-4e6c-8a80-fe57244a45bb
visit_deleted,9861b93f-e086-4a81-ad46-9b60752dc5d3,visit_number,3
visit_deleted,19313f33-037c-46e4-b43c-4b67f4a2b6ae,case_id,d742b556-ee96-48f2-abda-22632caa4e2f
visit_deleted,19313f33-037c-46e4-b43c-4b67f4a2b6ae,outcome,REVISIT
visit_deleted,19313f33-037c-46e4-b43c-4b67f4a2b6ae,check_in_time,2026-06-16T18:44:00+00:00
visit_deleted,19313f33-037c-46e4-b43c-4b67f4a2b6ae,agent_id,e9dced65-f61b-4c24-bae7-d4170299ed46
visit_deleted,19313f33-037c-46e4-b43c-4b67f4a2b6ae,visit_number,1
visit_deleted,c4a80e7f-1c2d-411b-9454-3e0a89396e88,case_id,d742b556-ee96-48f2-abda-22632caa4e2f
visit_deleted,c4a80e7f-1c2d-411b-9454-3e0a89396e88,outcome,PTP
visit_deleted,c4a80e7f-1c2d-411b-9454-3e0a89396e88,check_in_time,2026-08-26T12:42:00+00:00
visit_deleted,c4a80e7f-1c2d-411b-9454-3e0a89396e88,agent_id,8e59153e-dc8e-4efa-af65-1db304a6f3f1
visit_deleted,c4a80e7f-1c2d-411b-9454-3e0a89396e88,visit_number,3
visit_deleted,b9d5da2c-4dc1-44d3-96db-f2239cf1614e,case_id,d3f3f443-1bbf-4e43-a503-4172654b54bf
visit_deleted,b9d5da2c-4dc1-44d3-96db-f2239cf1614e,outcome,PTP
visit_deleted,b9d5da2c-4dc1-44d3-96db-f2239cf1614e,check_in_time,2026-08-26T10:22:00+00:00
visit_deleted,b9d5da2c-4dc1-44d3-96db-f2239cf1614e,agent_id,c33350cc-f581-492e-807f-14262d56ebcb
visit_deleted,b9d5da2c-4dc1-44d3-96db-f2239cf1614e,visit_number,2
visit_deleted,1a4b71b4-e670-463d-993c-3d9dd2bfdbe7,case_id,535dc9cb-a1c5-4232-addf-fb6a3ad930c7
visit_deleted,1a4b71b4-e670-463d-993c-3d9dd2bfdbe7,outcome,PTP
visit_deleted,1a4b71b4-e670-463d-993c-3d9dd2bfdbe7,check_in_time,2026-06-20T14:54:00+00:00
visit_deleted,1a4b71b4-e670-463d-993c-3d9dd2bfdbe7,agent_id,1d5e58e8-954e-4d6c-b13c-6e6d614cb588
visit_deleted,1a4b71b4-e670-463d-993c-3d9dd2bfdbe7,visit_number,2
visit_deleted,35c96aa8-c3be-473d-8728-2940164748b4,case_id,535dc9cb-a1c5-4232-addf-fb6a3ad930c7
visit_deleted,35c96aa8-c3be-473d-8728-2940164748b4,outcome,RTP
visit_deleted,35c96aa8-c3be-473d-8728-2940164748b4,check_in_time,2026-08-25T08:48:00+00:00
visit_deleted,35c96aa8-c3be-473d-8728-2940164748b4,agent_id,1d5e58e8-954e-4d6c-b13c-6e6d614cb588
visit_deleted,35c96aa8-c3be-473d-8728-2940164748b4,visit_number,3
visit_deleted,a3c5077e-0934-4717-8fdc-eeeeba0c8f28,case_id,97d5c206-b198-4604-8d22-7f2bd260d47b
visit_deleted,a3c5077e-0934-4717-8fdc-eeeeba0c8f28,outcome,NOT_AVAILABLE
visit_deleted,a3c5077e-0934-4717-8fdc-eeeeba0c8f28,check_in_time,2026-08-26T09:18:00+00:00
visit_deleted,a3c5077e-0934-4717-8fdc-eeeeba0c8f28,agent_id,3e9c4168-1de9-43e8-b9f2-fbf3f931949d
visit_deleted,a3c5077e-0934-4717-8fdc-eeeeba0c8f28,visit_number,3
visit_deleted,cf2e7bd2-b6da-417d-a037-22c4a6eedf6f,case_id,1c0da5ee-6603-45eb-b062-d5d1fde8f516
visit_deleted,cf2e7bd2-b6da-417d-a037-22c4a6eedf6f,outcome,ADDRESS_ISSUE
visit_deleted,cf2e7bd2-b6da-417d-a037-22c4a6eedf6f,check_in_time,2026-06-20T08:25:00+00:00
visit_deleted,cf2e7bd2-b6da-417d-a037-22c4a6eedf6f,agent_id,3aa13103-bd03-4578-9292-44d88d58da00
visit_deleted,cf2e7bd2-b6da-417d-a037-22c4a6eedf6f,visit_number,2
visit_deleted,47cf6f99-26fe-4784-b51e-c1ce013840f9,case_id,1c0da5ee-6603-45eb-b062-d5d1fde8f516
visit_deleted,47cf6f99-26fe-4784-b51e-c1ce013840f9,outcome,REVISIT
visit_deleted,47cf6f99-26fe-4784-b51e-c1ce013840f9,check_in_time,2026-08-27T16:50:00+00:00
visit_deleted,47cf6f99-26fe-4784-b51e-c1ce013840f9,agent_id,3aa13103-bd03-4578-9292-44d88d58da00
visit_deleted,47cf6f99-26fe-4784-b51e-c1ce013840f9,visit_number,3
visit_deleted,7262f90e-1a57-4b61-91b2-25192653e955,case_id,4bbe7904-6f54-4e3a-a6bd-2cbf93ec7073
visit_deleted,7262f90e-1a57-4b61-91b2-25192653e955,outcome,REVISIT
visit_deleted,7262f90e-1a57-4b61-91b2-25192653e955,check_in_time,2026-08-27T09:07:00+00:00
visit_deleted,7262f90e-1a57-4b61-91b2-25192653e955,agent_id,1d5e58e8-954e-4d6c-b13c-6e6d614cb588
visit_deleted,7262f90e-1a57-4b61-91b2-25192653e955,visit_number,3
visit_deleted,4135ae83-3024-458e-87e9-53c4fb394fd0,case_id,eb4f218d-7ede-48fd-af7d-171361fd3dbc
visit_deleted,4135ae83-3024-458e-87e9-53c4fb394fd0,outcome,PTP
visit_deleted,4135ae83-3024-458e-87e9-53c4fb394fd0,check_in_time,2026-08-26T08:39:00+00:00
visit_deleted,4135ae83-3024-458e-87e9-53c4fb394fd0,agent_id,c37b6a5c-9d1c-46d4-8ece-dfce290dc74b
visit_deleted,4135ae83-3024-458e-87e9-53c4fb394fd0,visit_number,3
visit_deleted,a692312e-c8df-4b1e-b544-650a52457d59,case_id,f7af24f5-aeba-4868-b1f9-ec794bbca1f3
visit_deleted,a692312e-c8df-4b1e-b544-650a52457d59,outcome,PTP
visit_deleted,a692312e-c8df-4b1e-b544-650a52457d59,check_in_time,2026-08-26T17:17:00+00:00
visit_deleted,a692312e-c8df-4b1e-b544-650a52457d59,agent_id,a13886ca-739b-47b4-a473-724e03f7332a
visit_deleted,a692312e-c8df-4b1e-b544-650a52457d59,visit_number,2
visit_deleted,5c2363c1-efe0-4c3e-a85b-b4952c44151f,case_id,0fe7cecc-f9f7-4f24-b0fe-e66b76150615
visit_deleted,5c2363c1-efe0-4c3e-a85b-b4952c44151f,outcome,PTP
visit_deleted,5c2363c1-efe0-4c3e-a85b-b4952c44151f,check_in_time,2026-08-26T11:12:00+00:00
visit_deleted,5c2363c1-efe0-4c3e-a85b-b4952c44151f,agent_id,8e59153e-dc8e-4efa-af65-1db304a6f3f1
visit_deleted,5c2363c1-efe0-4c3e-a85b-b4952c44151f,visit_number,3
visit_deleted,dc9f1ce1-967f-43db-915f-290f526d79a9,case_id,3a3946fc-6af6-4425-8701-bef7882702a5
visit_deleted,dc9f1ce1-967f-43db-915f-290f526d79a9,outcome,RTP
visit_deleted,dc9f1ce1-967f-43db-915f-290f526d79a9,check_in_time,2026-06-02T13:36:00+00:00
visit_deleted,dc9f1ce1-967f-43db-915f-290f526d79a9,agent_id,c37b6a5c-9d1c-46d4-8ece-dfce290dc74b
visit_deleted,dc9f1ce1-967f-43db-915f-290f526d79a9,visit_number,2
visit_deleted,70d3e0cd-3415-4cef-84f4-2ad7e3ec029c,case_id,3a3946fc-6af6-4425-8701-bef7882702a5
visit_deleted,70d3e0cd-3415-4cef-84f4-2ad7e3ec029c,outcome,PTP
visit_deleted,70d3e0cd-3415-4cef-84f4-2ad7e3ec029c,check_in_time,2026-08-25T09:09:00+00:00
visit_deleted,70d3e0cd-3415-4cef-84f4-2ad7e3ec029c,agent_id,2dfc73e0-dba9-4aa5-babf-d5141ded5497
visit_deleted,70d3e0cd-3415-4cef-84f4-2ad7e3ec029c,visit_number,4
visit_deleted,255b7e2e-65f5-4b1e-8640-68d167122db1,case_id,0bd3f278-38f8-4e20-9960-385cd6684216
visit_deleted,255b7e2e-65f5-4b1e-8640-68d167122db1,outcome,RTP
visit_deleted,255b7e2e-65f5-4b1e-8640-68d167122db1,check_in_time,2026-05-30T10:07:00+00:00
visit_deleted,255b7e2e-65f5-4b1e-8640-68d167122db1,agent_id,1d5e58e8-954e-4d6c-b13c-6e6d614cb588
visit_deleted,255b7e2e-65f5-4b1e-8640-68d167122db1,visit_number,3
visit_deleted,fd83c43c-2314-440d-9954-88ffd15d081e,case_id,0bd3f278-38f8-4e20-9960-385cd6684216
visit_deleted,fd83c43c-2314-440d-9954-88ffd15d081e,outcome,ADDRESS_ISSUE
visit_deleted,fd83c43c-2314-440d-9954-88ffd15d081e,check_in_time,2026-05-30T11:04:00+00:00
visit_deleted,fd83c43c-2314-440d-9954-88ffd15d081e,agent_id,1d5e58e8-954e-4d6c-b13c-6e6d614cb588
visit_deleted,fd83c43c-2314-440d-9954-88ffd15d081e,visit_number,2
visit_deleted,0df01f03-df6f-4c9b-b53f-82dd20e61d1f,case_id,0bd3f278-38f8-4e20-9960-385cd6684216
visit_deleted,0df01f03-df6f-4c9b-b53f-82dd20e61d1f,outcome,REVISIT
visit_deleted,0df01f03-df6f-4c9b-b53f-82dd20e61d1f,check_in_time,2026-08-26T17:46:00+00:00
visit_deleted,0df01f03-df6f-4c9b-b53f-82dd20e61d1f,agent_id,1d5e58e8-954e-4d6c-b13c-6e6d614cb588
visit_deleted,0df01f03-df6f-4c9b-b53f-82dd20e61d1f,visit_number,4
visit_deleted,d0df7b6f-8df6-4d47-8fc0-59a740be26b6,case_id,1c835b8a-3fdb-4d95-83fe-512b15750a37
visit_deleted,d0df7b6f-8df6-4d47-8fc0-59a740be26b6,outcome,NOT_AVAILABLE
visit_deleted,d0df7b6f-8df6-4d47-8fc0-59a740be26b6,check_in_time,2026-08-26T14:06:00+00:00
visit_deleted,d0df7b6f-8df6-4d47-8fc0-59a740be26b6,agent_id,c6ca60b7-2143-412b-887e-c30ae9cda031
visit_deleted,d0df7b6f-8df6-4d47-8fc0-59a740be26b6,visit_number,2
visit_deleted,bb1e4b4e-c992-4dd2-b485-d5fbd363798c,case_id,f87bc957-012e-43c5-bbcc-25b04609584f
visit_deleted,bb1e4b4e-c992-4dd2-b485-d5fbd363798c,outcome,NOT_AVAILABLE
visit_deleted,bb1e4b4e-c992-4dd2-b485-d5fbd363798c,check_in_time,2026-08-27T11:46:00+00:00
visit_deleted,bb1e4b4e-c992-4dd2-b485-d5fbd363798c,agent_id,3e9c4168-1de9-43e8-b9f2-fbf3f931949d
visit_deleted,bb1e4b4e-c992-4dd2-b485-d5fbd363798c,visit_number,4
visit_deleted,f53dacec-b1fd-4366-ae3b-4f7595ff6641,case_id,81a27a01-8a5b-4b9f-a0b6-d289220480dd
visit_deleted,f53dacec-b1fd-4366-ae3b-4f7595ff6641,outcome,REVISIT
visit_deleted,f53dacec-b1fd-4366-ae3b-4f7595ff6641,check_in_time,2026-06-01T12:33:00+00:00
visit_deleted,f53dacec-b1fd-4366-ae3b-4f7595ff6641,agent_id,1d5e58e8-954e-4d6c-b13c-6e6d614cb588
visit_deleted,f53dacec-b1fd-4366-ae3b-4f7595ff6641,visit_number,3
visit_deleted,864ec078-4572-4da4-824a-88f3357fc03a,case_id,81a27a01-8a5b-4b9f-a0b6-d289220480dd
visit_deleted,864ec078-4572-4da4-824a-88f3357fc03a,outcome,PTP
visit_deleted,864ec078-4572-4da4-824a-88f3357fc03a,check_in_time,2026-08-27T15:20:00+00:00
visit_deleted,864ec078-4572-4da4-824a-88f3357fc03a,agent_id,1d5e58e8-954e-4d6c-b13c-6e6d614cb588
visit_deleted,864ec078-4572-4da4-824a-88f3357fc03a,visit_number,4
visit_deleted,a01a2e2b-a120-491e-a6a3-184021aa90b2,case_id,8e71049d-51b1-484a-9fc4-3aeb19f20939
visit_deleted,a01a2e2b-a120-491e-a6a3-184021aa90b2,outcome,REVISIT
visit_deleted,a01a2e2b-a120-491e-a6a3-184021aa90b2,check_in_time,2026-05-18T08:14:00+00:00
visit_deleted,a01a2e2b-a120-491e-a6a3-184021aa90b2,agent_id,357e2e09-b637-468e-818b-57a5dce18e9c
visit_deleted,a01a2e2b-a120-491e-a6a3-184021aa90b2,visit_number,2
visit_deleted,5c37efbb-a907-4511-bfce-8c5d0dca7891,case_id,8e71049d-51b1-484a-9fc4-3aeb19f20939
visit_deleted,5c37efbb-a907-4511-bfce-8c5d0dca7891,outcome,PTP
visit_deleted,5c37efbb-a907-4511-bfce-8c5d0dca7891,check_in_time,2026-08-25T13:11:00+00:00
visit_deleted,5c37efbb-a907-4511-bfce-8c5d0dca7891,agent_id,357e2e09-b637-468e-818b-57a5dce18e9c
visit_deleted,5c37efbb-a907-4511-bfce-8c5d0dca7891,visit_number,3
visit_deleted,bc0c3087-2e6e-49f7-bd1c-9a516abafd6f,case_id,d0b60cc2-1609-4be4-a5af-3b8cf472974e
visit_deleted,bc0c3087-2e6e-49f7-bd1c-9a516abafd6f,outcome,REVISIT
visit_deleted,bc0c3087-2e6e-49f7-bd1c-9a516abafd6f,check_in_time,2026-05-27T13:25:00+00:00
visit_deleted,bc0c3087-2e6e-49f7-bd1c-9a516abafd6f,agent_id,c33350cc-f581-492e-807f-14262d56ebcb
visit_deleted,bc0c3087-2e6e-49f7-bd1c-9a516abafd6f,visit_number,3
visit_deleted,0ebbf75d-5736-458b-8d95-13e4dcec5c4f,case_id,9e12f965-5f74-49df-b7f0-ea15d8258903
visit_deleted,0ebbf75d-5736-458b-8d95-13e4dcec5c4f,outcome,PTP
visit_deleted,0ebbf75d-5736-458b-8d95-13e4dcec5c4f,check_in_time,2026-08-26T11:18:00+00:00
visit_deleted,0ebbf75d-5736-458b-8d95-13e4dcec5c4f,agent_id,357e2e09-b637-468e-818b-57a5dce18e9c
visit_deleted,0ebbf75d-5736-458b-8d95-13e4dcec5c4f,visit_number,3
visit_deleted,87a5ec15-4f54-477a-a881-9b4add19c33e,case_id,d0e4dca5-a091-4e5f-ab0c-2fc1540559dd
visit_deleted,87a5ec15-4f54-477a-a881-9b4add19c33e,outcome,PTP
visit_deleted,87a5ec15-4f54-477a-a881-9b4add19c33e,check_in_time,2026-05-16T17:53:00+00:00
visit_deleted,87a5ec15-4f54-477a-a881-9b4add19c33e,agent_id,3e9c4168-1de9-43e8-b9f2-fbf3f931949d
visit_deleted,87a5ec15-4f54-477a-a881-9b4add19c33e,visit_number,1
visit_deleted,a44a6c64-2747-4fa3-a07d-53e8c5efb28f,case_id,d0e4dca5-a091-4e5f-ab0c-2fc1540559dd
visit_deleted,a44a6c64-2747-4fa3-a07d-53e8c5efb28f,outcome,DISPUTE
visit_deleted,a44a6c64-2747-4fa3-a07d-53e8c5efb28f,check_in_time,2026-05-20T16:02:00+00:00
visit_deleted,a44a6c64-2747-4fa3-a07d-53e8c5efb28f,agent_id,3e9c4168-1de9-43e8-b9f2-fbf3f931949d
visit_deleted,a44a6c64-2747-4fa3-a07d-53e8c5efb28f,visit_number,3
visit_deleted,88aff4a2-8bba-404a-a42b-5163bf190a22,case_id,d0e4dca5-a091-4e5f-ab0c-2fc1540559dd
visit_deleted,88aff4a2-8bba-404a-a42b-5163bf190a22,outcome,PTP
visit_deleted,88aff4a2-8bba-404a-a42b-5163bf190a22,check_in_time,2026-08-26T10:46:00+00:00
visit_deleted,88aff4a2-8bba-404a-a42b-5163bf190a22,agent_id,3e9c4168-1de9-43e8-b9f2-fbf3f931949d
visit_deleted,88aff4a2-8bba-404a-a42b-5163bf190a22,visit_number,4
visit_deleted,ef40f4f2-e979-4a20-9c2d-8845e4f4e964,case_id,fc5fe2fa-9b0c-4341-b09f-f052b7726345
visit_deleted,ef40f4f2-e979-4a20-9c2d-8845e4f4e964,outcome,PTP
visit_deleted,ef40f4f2-e979-4a20-9c2d-8845e4f4e964,check_in_time,2026-08-26T17:16:00+00:00
visit_deleted,ef40f4f2-e979-4a20-9c2d-8845e4f4e964,agent_id,cd9e6eca-028e-4c61-8e82-048327bc4476
visit_deleted,ef40f4f2-e979-4a20-9c2d-8845e4f4e964,visit_number,4
visit_deleted,9ab2222a-ef13-4459-9877-c56987ff811a,case_id,29b521d2-e392-4ce5-adb0-6cb9847d0d20
visit_deleted,9ab2222a-ef13-4459-9877-c56987ff811a,outcome,PTP
visit_deleted,9ab2222a-ef13-4459-9877-c56987ff811a,check_in_time,2026-08-26T17:44:00+00:00
visit_deleted,9ab2222a-ef13-4459-9877-c56987ff811a,agent_id,4a182f53-a1a1-4f15-945a-6a56f4e04b64
visit_deleted,9ab2222a-ef13-4459-9877-c56987ff811a,visit_number,4
visit_deleted,784a1d4f-82a6-46d3-89a3-9a3fdfd067dd,case_id,8fad95dc-2d26-4086-ac8f-c42f5ee62269
visit_deleted,784a1d4f-82a6-46d3-89a3-9a3fdfd067dd,outcome,DISPUTE
visit_deleted,784a1d4f-82a6-46d3-89a3-9a3fdfd067dd,check_in_time,2026-08-25T08:51:00+00:00
visit_deleted,784a1d4f-82a6-46d3-89a3-9a3fdfd067dd,agent_id,c2f2e0ce-5aeb-4ece-8325-2167edfe139e
visit_deleted,784a1d4f-82a6-46d3-89a3-9a3fdfd067dd,visit_number,2
visit_deleted,d66270ca-23bf-4ccd-952e-98a3d8c60c84,case_id,894aaf98-a5bf-4a1c-a336-49b8c1996dde
visit_deleted,d66270ca-23bf-4ccd-952e-98a3d8c60c84,outcome,NOT_AVAILABLE
visit_deleted,d66270ca-23bf-4ccd-952e-98a3d8c60c84,check_in_time,2026-04-18T12:00:00+00:00
visit_deleted,d66270ca-23bf-4ccd-952e-98a3d8c60c84,agent_id,a2e2555c-f597-43af-a77a-fe708f967218
visit_deleted,d66270ca-23bf-4ccd-952e-98a3d8c60c84,visit_number,1
visit_deleted,86574356-b995-4ba6-ac79-e7938e7a0114,case_id,894aaf98-a5bf-4a1c-a336-49b8c1996dde
visit_deleted,86574356-b995-4ba6-ac79-e7938e7a0114,outcome,REVISIT
visit_deleted,86574356-b995-4ba6-ac79-e7938e7a0114,check_in_time,2026-08-25T08:53:00+00:00
visit_deleted,86574356-b995-4ba6-ac79-e7938e7a0114,agent_id,a2e2555c-f597-43af-a77a-fe708f967218
visit_deleted,86574356-b995-4ba6-ac79-e7938e7a0114,visit_number,3
visit_deleted,2c06c00b-b17b-4ecd-955a-001b73086189,case_id,cf77428d-5a65-4f22-b553-fcacb366209c
visit_deleted,2c06c00b-b17b-4ecd-955a-001b73086189,outcome,DISPUTE
visit_deleted,2c06c00b-b17b-4ecd-955a-001b73086189,check_in_time,2026-08-26T14:49:00+00:00
visit_deleted,2c06c00b-b17b-4ecd-955a-001b73086189,agent_id,cd9e6eca-028e-4c61-8e82-048327bc4476
visit_deleted,2c06c00b-b17b-4ecd-955a-001b73086189,visit_number,3
visit_deleted,30c3fc08-ae3f-4735-8d74-a7a3e34b44bf,case_id,cb823cd9-42bf-4b15-925b-98c916e86f58
visit_deleted,30c3fc08-ae3f-4735-8d74-a7a3e34b44bf,outcome,PTP
visit_deleted,30c3fc08-ae3f-4735-8d74-a7a3e34b44bf,check_in_time,2026-08-25T16:26:00+00:00
visit_deleted,30c3fc08-ae3f-4735-8d74-a7a3e34b44bf,agent_id,2b6de8aa-0976-4be0-8a40-043ff86ffa54
visit_deleted,30c3fc08-ae3f-4735-8d74-a7a3e34b44bf,visit_number,2
visit_deleted,f58938c4-80d0-4a2e-8e57-fde03e008c13,case_id,040d1b3e-b365-4dd1-943e-eaeb1e543898
visit_deleted,f58938c4-80d0-4a2e-8e57-fde03e008c13,outcome,PTP
visit_deleted,f58938c4-80d0-4a2e-8e57-fde03e008c13,check_in_time,2026-08-26T10:17:00+00:00
visit_deleted,f58938c4-80d0-4a2e-8e57-fde03e008c13,agent_id,cd9e6eca-028e-4c61-8e82-048327bc4476
visit_deleted,f58938c4-80d0-4a2e-8e57-fde03e008c13,visit_number,3
visit_deleted,ea75dc30-2032-45f9-8f69-75197cb79041,case_id,13871b39-d123-4a16-a6f2-1a6823e94358
visit_deleted,ea75dc30-2032-45f9-8f69-75197cb79041,outcome,PTP
visit_deleted,ea75dc30-2032-45f9-8f69-75197cb79041,check_in_time,2026-08-25T08:41:00+00:00
visit_deleted,ea75dc30-2032-45f9-8f69-75197cb79041,agent_id,c37b6a5c-9d1c-46d4-8ece-dfce290dc74b
visit_deleted,ea75dc30-2032-45f9-8f69-75197cb79041,visit_number,3
visit_deleted,718c969c-7f44-4033-9a34-c2d1ae255430,case_id,66a60730-c389-4b71-82ce-e56283b99fae
visit_deleted,718c969c-7f44-4033-9a34-c2d1ae255430,outcome,ADDRESS_ISSUE
visit_deleted,718c969c-7f44-4033-9a34-c2d1ae255430,check_in_time,2026-04-18T15:17:00+00:00
visit_deleted,718c969c-7f44-4033-9a34-c2d1ae255430,agent_id,a13886ca-739b-47b4-a473-724e03f7332a
visit_deleted,718c969c-7f44-4033-9a34-c2d1ae255430,visit_number,2
visit_deleted,43577d83-3bdf-47c1-a431-807186deac87,case_id,7d320cac-116a-4fca-91e3-21aeb3e7b44e
visit_deleted,43577d83-3bdf-47c1-a431-807186deac87,outcome,PTP
visit_deleted,43577d83-3bdf-47c1-a431-807186deac87,check_in_time,2026-08-25T09:28:00+00:00
visit_deleted,43577d83-3bdf-47c1-a431-807186deac87,agent_id,a2e2555c-f597-43af-a77a-fe708f967218
visit_deleted,43577d83-3bdf-47c1-a431-807186deac87,visit_number,4
visit_deleted,c241e71e-0289-4fe4-bb72-7b1e2b374b65,case_id,d07825db-d43c-479a-ba05-bcb371149f3d
visit_deleted,c241e71e-0289-4fe4-bb72-7b1e2b374b65,outcome,PTP
visit_deleted,c241e71e-0289-4fe4-bb72-7b1e2b374b65,check_in_time,2026-08-26T14:17:00+00:00
visit_deleted,c241e71e-0289-4fe4-bb72-7b1e2b374b65,agent_id,c33350cc-f581-492e-807f-14262d56ebcb
visit_deleted,c241e71e-0289-4fe4-bb72-7b1e2b374b65,visit_number,2
visit_deleted,71f53ac2-4fe2-4d0b-9931-7adafd58cc23,case_id,7021452b-ac8d-43df-a12b-261c28d4a06f
visit_deleted,71f53ac2-4fe2-4d0b-9931-7adafd58cc23,outcome,PTP
visit_deleted,71f53ac2-4fe2-4d0b-9931-7adafd58cc23,check_in_time,2026-08-26T14:52:00+00:00
visit_deleted,71f53ac2-4fe2-4d0b-9931-7adafd58cc23,agent_id,357e2e09-b637-468e-818b-57a5dce18e9c
visit_deleted,71f53ac2-4fe2-4d0b-9931-7adafd58cc23,visit_number,3
visit_deleted,af9066c6-5bea-495b-8224-b3da1f274180,case_id,72bdd4c1-d2b7-453e-8b18-44d4e38a3efa
visit_deleted,af9066c6-5bea-495b-8224-b3da1f274180,outcome,PTP
visit_deleted,af9066c6-5bea-495b-8224-b3da1f274180,check_in_time,2026-08-25T10:26:00+00:00
visit_deleted,af9066c6-5bea-495b-8224-b3da1f274180,agent_id,cd9e6eca-028e-4c61-8e82-048327bc4476
visit_deleted,af9066c6-5bea-495b-8224-b3da1f274180,visit_number,3
visit_deleted,52010163-9bdb-443b-b549-a03447a9dd37,case_id,6acd4cae-7cf1-4909-83a3-9e95b85daa9b
visit_deleted,52010163-9bdb-443b-b549-a03447a9dd37,outcome,REVISIT
visit_deleted,52010163-9bdb-443b-b549-a03447a9dd37,check_in_time,2026-05-09T16:55:00+00:00
visit_deleted,52010163-9bdb-443b-b549-a03447a9dd37,agent_id,b06cd5a3-f1c0-4cdb-b241-9ce2d6c5e791
visit_deleted,52010163-9bdb-443b-b549-a03447a9dd37,visit_number,1
visit_deleted,4d1c68b5-1ab3-4181-aea6-bb74968a5ded,case_id,6acd4cae-7cf1-4909-83a3-9e95b85daa9b
visit_deleted,4d1c68b5-1ab3-4181-aea6-bb74968a5ded,outcome,ADDRESS_ISSUE
visit_deleted,4d1c68b5-1ab3-4181-aea6-bb74968a5ded,check_in_time,2026-05-15T12:22:00+00:00
visit_deleted,4d1c68b5-1ab3-4181-aea6-bb74968a5ded,agent_id,b06cd5a3-f1c0-4cdb-b241-9ce2d6c5e791
visit_deleted,4d1c68b5-1ab3-4181-aea6-bb74968a5ded,visit_number,3
visit_deleted,a573ad51-05a9-434d-ad19-80a23463882f,case_id,85858dd3-a720-4de0-9f80-d4be45351430
visit_deleted,a573ad51-05a9-434d-ad19-80a23463882f,outcome,PTP
visit_deleted,a573ad51-05a9-434d-ad19-80a23463882f,check_in_time,2026-08-26T15:51:00+00:00
visit_deleted,a573ad51-05a9-434d-ad19-80a23463882f,agent_id,5fbae4d6-59d1-4e6c-8a80-fe57244a45bb
visit_deleted,a573ad51-05a9-434d-ad19-80a23463882f,visit_number,3
visit_deleted,9cd618cc-2c34-4344-af2e-cd6db7208424,case_id,4137aacf-3645-4113-ae8b-fd76bdc93055
visit_deleted,9cd618cc-2c34-4344-af2e-cd6db7208424,outcome,NOT_AVAILABLE
visit_deleted,9cd618cc-2c34-4344-af2e-cd6db7208424,check_in_time,2026-04-18T17:06:00+00:00
visit_deleted,9cd618cc-2c34-4344-af2e-cd6db7208424,agent_id,b06cd5a3-f1c0-4cdb-b241-9ce2d6c5e791
visit_deleted,9cd618cc-2c34-4344-af2e-cd6db7208424,visit_number,1
visit_deleted,b0262461-1b8a-4c92-adea-beaa163cb0d5,case_id,4137aacf-3645-4113-ae8b-fd76bdc93055
visit_deleted,b0262461-1b8a-4c92-adea-beaa163cb0d5,outcome,NOT_AVAILABLE
visit_deleted,b0262461-1b8a-4c92-adea-beaa163cb0d5,check_in_time,2026-04-21T10:56:00+00:00
visit_deleted,b0262461-1b8a-4c92-adea-beaa163cb0d5,agent_id,b06cd5a3-f1c0-4cdb-b241-9ce2d6c5e791
visit_deleted,b0262461-1b8a-4c92-adea-beaa163cb0d5,visit_number,3
visit_deleted,01115e9b-ef38-4168-b470-2fa564908382,case_id,714085f0-81e2-490e-8294-4d997ffcf6e3
visit_deleted,01115e9b-ef38-4168-b470-2fa564908382,outcome,PTP
visit_deleted,01115e9b-ef38-4168-b470-2fa564908382,check_in_time,2026-08-26T17:34:00+00:00
visit_deleted,01115e9b-ef38-4168-b470-2fa564908382,agent_id,8e59153e-dc8e-4efa-af65-1db304a6f3f1
visit_deleted,01115e9b-ef38-4168-b470-2fa564908382,visit_number,3
visit_deleted,4039cbed-41b0-4221-ae60-04d92335f74b,case_id,a6523406-7495-4e41-b1e5-0d38859cb75f
visit_deleted,4039cbed-41b0-4221-ae60-04d92335f74b,outcome,NOT_AVAILABLE
visit_deleted,4039cbed-41b0-4221-ae60-04d92335f74b,check_in_time,2026-04-16T17:42:00+00:00
visit_deleted,4039cbed-41b0-4221-ae60-04d92335f74b,agent_id,1d5e58e8-954e-4d6c-b13c-6e6d614cb588
visit_deleted,4039cbed-41b0-4221-ae60-04d92335f74b,visit_number,1
visit_deleted,80f72f73-0f1e-41a9-9d50-0bbac538f6d6,case_id,a6523406-7495-4e41-b1e5-0d38859cb75f
visit_deleted,80f72f73-0f1e-41a9-9d50-0bbac538f6d6,outcome,PTP
visit_deleted,80f72f73-0f1e-41a9-9d50-0bbac538f6d6,check_in_time,2026-08-26T17:43:00+00:00
visit_deleted,80f72f73-0f1e-41a9-9d50-0bbac538f6d6,agent_id,1d5e58e8-954e-4d6c-b13c-6e6d614cb588
visit_deleted,80f72f73-0f1e-41a9-9d50-0bbac538f6d6,visit_number,3
visit_deleted,dd887b34-7a6c-4975-a7ec-671edc4e5fb3,case_id,0dcbdcf7-94d5-4e0e-9783-aa99e78e017d
visit_deleted,dd887b34-7a6c-4975-a7ec-671edc4e5fb3,outcome,PTP
visit_deleted,dd887b34-7a6c-4975-a7ec-671edc4e5fb3,check_in_time,2026-08-25T08:26:00+00:00
visit_deleted,dd887b34-7a6c-4975-a7ec-671edc4e5fb3,agent_id,2dfc73e0-dba9-4aa5-babf-d5141ded5497
visit_deleted,dd887b34-7a6c-4975-a7ec-671edc4e5fb3,visit_number,2
visit_deleted,f91d14bf-b0ee-442e-aa98-89e4e6b70532,case_id,dd0aa156-1c6f-43eb-9f3d-82b10db23aa4
visit_deleted,f91d14bf-b0ee-442e-aa98-89e4e6b70532,outcome,DISPUTE
visit_deleted,f91d14bf-b0ee-442e-aa98-89e4e6b70532,check_in_time,2026-04-18T15:17:00+00:00
visit_deleted,f91d14bf-b0ee-442e-aa98-89e4e6b70532,agent_id,3e9c4168-1de9-43e8-b9f2-fbf3f931949d
visit_deleted,f91d14bf-b0ee-442e-aa98-89e4e6b70532,visit_number,1
visit_deleted,bd8aa0f8-419c-4341-af87-141677b3314b,case_id,dd0aa156-1c6f-43eb-9f3d-82b10db23aa4
visit_deleted,bd8aa0f8-419c-4341-af87-141677b3314b,outcome,PTP
visit_deleted,bd8aa0f8-419c-4341-af87-141677b3314b,check_in_time,2026-08-26T09:27:00+00:00
visit_deleted,bd8aa0f8-419c-4341-af87-141677b3314b,agent_id,a2e2555c-f597-43af-a77a-fe708f967218
visit_deleted,bd8aa0f8-419c-4341-af87-141677b3314b,visit_number,3
visit_deleted,8f2a8428-8cb0-4eb4-bbf7-11e72119aa38,case_id,939dd91b-ef27-419b-a94e-1581e7a0b98a
visit_deleted,8f2a8428-8cb0-4eb4-bbf7-11e72119aa38,outcome,NOT_AVAILABLE
visit_deleted,8f2a8428-8cb0-4eb4-bbf7-11e72119aa38,check_in_time,2026-03-28T11:25:00+00:00
visit_deleted,8f2a8428-8cb0-4eb4-bbf7-11e72119aa38,agent_id,3e9c4168-1de9-43e8-b9f2-fbf3f931949d
visit_deleted,8f2a8428-8cb0-4eb4-bbf7-11e72119aa38,visit_number,3
visit_deleted,a4134b8e-ec2b-46e0-945e-2615729ee8fe,case_id,939dd91b-ef27-419b-a94e-1581e7a0b98a
visit_deleted,a4134b8e-ec2b-46e0-945e-2615729ee8fe,outcome,PTP
visit_deleted,a4134b8e-ec2b-46e0-945e-2615729ee8fe,check_in_time,2026-08-27T09:21:00+00:00
visit_deleted,a4134b8e-ec2b-46e0-945e-2615729ee8fe,agent_id,3e9c4168-1de9-43e8-b9f2-fbf3f931949d
visit_deleted,a4134b8e-ec2b-46e0-945e-2615729ee8fe,visit_number,4
visit_deleted,9fb3c32f-4ff4-43df-be7b-9afa030c4491,case_id,c57fa3a0-9f9a-4034-850b-708d4091f181
visit_deleted,9fb3c32f-4ff4-43df-be7b-9afa030c4491,outcome,ADDRESS_ISSUE
visit_deleted,9fb3c32f-4ff4-43df-be7b-9afa030c4491,check_in_time,2026-05-05T14:21:00+00:00
visit_deleted,9fb3c32f-4ff4-43df-be7b-9afa030c4491,agent_id,b06cd5a3-f1c0-4cdb-b241-9ce2d6c5e791
visit_deleted,9fb3c32f-4ff4-43df-be7b-9afa030c4491,visit_number,2
visit_deleted,4106c003-5dea-4915-a96f-48e602978053,case_id,3d6f3ec1-6eca-4bf6-86e7-a280a4b09ba5
visit_deleted,4106c003-5dea-4915-a96f-48e602978053,outcome,PTP
visit_deleted,4106c003-5dea-4915-a96f-48e602978053,check_in_time,2026-08-25T16:51:00+00:00
visit_deleted,4106c003-5dea-4915-a96f-48e602978053,agent_id,357e2e09-b637-468e-818b-57a5dce18e9c
visit_deleted,4106c003-5dea-4915-a96f-48e602978053,visit_number,3
visit_deleted,e61edd6d-10b6-4380-8bd2-1b369e8c2bdc,case_id,f1a6b125-9436-490c-b7e7-8e795219910e
visit_deleted,e61edd6d-10b6-4380-8bd2-1b369e8c2bdc,outcome,NOT_AVAILABLE
visit_deleted,e61edd6d-10b6-4380-8bd2-1b369e8c2bdc,check_in_time,2026-08-26T12:09:00+00:00
visit_deleted,e61edd6d-10b6-4380-8bd2-1b369e8c2bdc,agent_id,3e9c4168-1de9-43e8-b9f2-fbf3f931949d
visit_deleted,e61edd6d-10b6-4380-8bd2-1b369e8c2bdc,visit_number,2
visit_deleted,452d1a16-693d-4cab-8ab9-3d86c889e93a,case_id,58dc883f-2557-43f5-ad16-d57ab937894a
visit_deleted,452d1a16-693d-4cab-8ab9-3d86c889e93a,outcome,DECEASED
visit_deleted,452d1a16-693d-4cab-8ab9-3d86c889e93a,check_in_time,2026-03-11T09:41:00+00:00
visit_deleted,452d1a16-693d-4cab-8ab9-3d86c889e93a,agent_id,5fbae4d6-59d1-4e6c-8a80-fe57244a45bb
visit_deleted,452d1a16-693d-4cab-8ab9-3d86c889e93a,visit_number,3
visit_deleted,912a1d88-48bc-435b-9b39-842e9efe9e8d,case_id,58dc883f-2557-43f5-ad16-d57ab937894a
visit_deleted,912a1d88-48bc-435b-9b39-842e9efe9e8d,outcome,NOT_AVAILABLE
visit_deleted,912a1d88-48bc-435b-9b39-842e9efe9e8d,check_in_time,2026-03-17T08:57:00+00:00
visit_deleted,912a1d88-48bc-435b-9b39-842e9efe9e8d,agent_id,5fbae4d6-59d1-4e6c-8a80-fe57244a45bb
visit_deleted,912a1d88-48bc-435b-9b39-842e9efe9e8d,visit_number,2
visit_deleted,0c607ae0-b5f0-4c2a-93bc-cf7978468e12,case_id,58dc883f-2557-43f5-ad16-d57ab937894a
visit_deleted,0c607ae0-b5f0-4c2a-93bc-cf7978468e12,outcome,PTP
visit_deleted,0c607ae0-b5f0-4c2a-93bc-cf7978468e12,check_in_time,2026-08-26T08:55:00+00:00
visit_deleted,0c607ae0-b5f0-4c2a-93bc-cf7978468e12,agent_id,5fbae4d6-59d1-4e6c-8a80-fe57244a45bb
visit_deleted,0c607ae0-b5f0-4c2a-93bc-cf7978468e12,visit_number,4
visit_deleted,8ce78ad8-e6c3-4282-b236-969890fe7f15,case_id,9b6a6612-0467-4542-8742-767cc7d146ab
visit_deleted,8ce78ad8-e6c3-4282-b236-969890fe7f15,outcome,PTP
visit_deleted,8ce78ad8-e6c3-4282-b236-969890fe7f15,check_in_time,2026-08-26T16:29:00+00:00
visit_deleted,8ce78ad8-e6c3-4282-b236-969890fe7f15,agent_id,4a182f53-a1a1-4f15-945a-6a56f4e04b64
visit_deleted,8ce78ad8-e6c3-4282-b236-969890fe7f15,visit_number,2
visit_deleted,80a962ac-ef90-4be8-86df-b0f4fb0024de,case_id,a2e9c642-b032-4b68-bc31-c4484e11410c
visit_deleted,80a962ac-ef90-4be8-86df-b0f4fb0024de,outcome,PTP
visit_deleted,80a962ac-ef90-4be8-86df-b0f4fb0024de,check_in_time,2026-08-26T15:08:00+00:00
visit_deleted,80a962ac-ef90-4be8-86df-b0f4fb0024de,agent_id,c33350cc-f581-492e-807f-14262d56ebcb
visit_deleted,80a962ac-ef90-4be8-86df-b0f4fb0024de,visit_number,3
visit_deleted,40987786-bfb0-4285-a2f1-8442d30e4b05,case_id,c51f6563-5046-42bb-bf26-f184cf0117b1
visit_deleted,40987786-bfb0-4285-a2f1-8442d30e4b05,outcome,REVISIT
visit_deleted,40987786-bfb0-4285-a2f1-8442d30e4b05,check_in_time,2026-08-26T15:14:00+00:00
visit_deleted,40987786-bfb0-4285-a2f1-8442d30e4b05,agent_id,cd9e6eca-028e-4c61-8e82-048327bc4476
visit_deleted,40987786-bfb0-4285-a2f1-8442d30e4b05,visit_number,2
visit_deleted,8c4a2b8b-7b27-41fc-892d-0c62aea3f370,case_id,c6916708-ef92-47ea-ace7-dafececb3f8d
visit_deleted,8c4a2b8b-7b27-41fc-892d-0c62aea3f370,outcome,REVISIT
visit_deleted,8c4a2b8b-7b27-41fc-892d-0c62aea3f370,check_in_time,2026-04-04T08:41:00+00:00
visit_deleted,8c4a2b8b-7b27-41fc-892d-0c62aea3f370,agent_id,2dfc73e0-dba9-4aa5-babf-d5141ded5497
visit_deleted,8c4a2b8b-7b27-41fc-892d-0c62aea3f370,visit_number,2
visit_deleted,e97e71af-5312-4e36-a239-48b741335e17,case_id,cb2aff7e-8a25-4539-b666-eb2ee3cd72bd
visit_deleted,e97e71af-5312-4e36-a239-48b741335e17,outcome,PTP
visit_deleted,e97e71af-5312-4e36-a239-48b741335e17,check_in_time,2026-08-25T17:24:00+00:00
visit_deleted,e97e71af-5312-4e36-a239-48b741335e17,agent_id,a13886ca-739b-47b4-a473-724e03f7332a
visit_deleted,e97e71af-5312-4e36-a239-48b741335e17,visit_number,3
visit_deleted,9574137c-eb63-4539-902a-6a82d2f3c4cf,case_id,1484c2d5-18ee-4af6-88c4-26cd52210993
visit_deleted,9574137c-eb63-4539-902a-6a82d2f3c4cf,outcome,PTP
visit_deleted,9574137c-eb63-4539-902a-6a82d2f3c4cf,check_in_time,2026-08-26T12:29:00+00:00
visit_deleted,9574137c-eb63-4539-902a-6a82d2f3c4cf,agent_id,357e2e09-b637-468e-818b-57a5dce18e9c
visit_deleted,9574137c-eb63-4539-902a-6a82d2f3c4cf,visit_number,2
visit_deleted,4b121ae0-a284-4143-bc5a-1ae3c70890ff,case_id,7e11458d-c812-46e8-af48-d562d3b7d4a6
visit_deleted,4b121ae0-a284-4143-bc5a-1ae3c70890ff,outcome,ADDRESS_ISSUE
visit_deleted,4b121ae0-a284-4143-bc5a-1ae3c70890ff,check_in_time,2026-03-14T17:25:00+00:00
visit_deleted,4b121ae0-a284-4143-bc5a-1ae3c70890ff,agent_id,3aa13103-bd03-4578-9292-44d88d58da00
visit_deleted,4b121ae0-a284-4143-bc5a-1ae3c70890ff,visit_number,2
visit_deleted,d25c29d4-d257-4b15-a472-01141528731c,case_id,7e11458d-c812-46e8-af48-d562d3b7d4a6
visit_deleted,d25c29d4-d257-4b15-a472-01141528731c,outcome,PTP
visit_deleted,d25c29d4-d257-4b15-a472-01141528731c,check_in_time,2026-08-26T09:17:00+00:00
visit_deleted,d25c29d4-d257-4b15-a472-01141528731c,agent_id,3aa13103-bd03-4578-9292-44d88d58da00
visit_deleted,d25c29d4-d257-4b15-a472-01141528731c,visit_number,4
visit_deleted,234640bb-0746-434c-9976-db657bfa925f,case_id,87d59810-fe9a-4652-ab81-81c3f3b520fc
visit_deleted,234640bb-0746-434c-9976-db657bfa925f,outcome,PTP
visit_deleted,234640bb-0746-434c-9976-db657bfa925f,check_in_time,2026-08-26T08:31:00+00:00
visit_deleted,234640bb-0746-434c-9976-db657bfa925f,agent_id,1d5e58e8-954e-4d6c-b13c-6e6d614cb588
visit_deleted,234640bb-0746-434c-9976-db657bfa925f,visit_number,4
visit_deleted,9a8be73c-2537-49b2-9536-ee017b5ca3af,case_id,e6b0feef-4ece-4716-8339-b9130ed25df1
visit_deleted,9a8be73c-2537-49b2-9536-ee017b5ca3af,outcome,PTP
visit_deleted,9a8be73c-2537-49b2-9536-ee017b5ca3af,check_in_time,2026-08-26T10:20:00+00:00
visit_deleted,9a8be73c-2537-49b2-9536-ee017b5ca3af,agent_id,b06cd5a3-f1c0-4cdb-b241-9ce2d6c5e791
visit_deleted,9a8be73c-2537-49b2-9536-ee017b5ca3af,visit_number,3
visit_deleted,29b50da3-7550-45b6-b1fe-b47173bcc655,case_id,89f8b248-8afd-4a94-beb6-49f6c3754d45
visit_deleted,29b50da3-7550-45b6-b1fe-b47173bcc655,outcome,DISPUTE
visit_deleted,29b50da3-7550-45b6-b1fe-b47173bcc655,check_in_time,2026-08-26T17:33:00+00:00
visit_deleted,29b50da3-7550-45b6-b1fe-b47173bcc655,agent_id,5fbae4d6-59d1-4e6c-8a80-fe57244a45bb
visit_deleted,29b50da3-7550-45b6-b1fe-b47173bcc655,visit_number,4
visit_deleted,aa604c6f-a3f7-466b-9367-1054b54acdf5,case_id,277a9da8-811c-4ca5-85cb-f8a559a10c65
visit_deleted,aa604c6f-a3f7-466b-9367-1054b54acdf5,outcome,NOT_AVAILABLE
visit_deleted,aa604c6f-a3f7-466b-9367-1054b54acdf5,check_in_time,2026-08-26T11:22:00+00:00
visit_deleted,aa604c6f-a3f7-466b-9367-1054b54acdf5,agent_id,a2e2555c-f597-43af-a77a-fe708f967218
visit_deleted,aa604c6f-a3f7-466b-9367-1054b54acdf5,visit_number,2
visit_deleted,334c7995-3499-4444-ab1c-29a511ba1686,case_id,8b280147-6af2-4e13-a908-6a2f86128349
visit_deleted,334c7995-3499-4444-ab1c-29a511ba1686,outcome,PTP
visit_deleted,334c7995-3499-4444-ab1c-29a511ba1686,check_in_time,2026-08-25T14:28:00+00:00
visit_deleted,334c7995-3499-4444-ab1c-29a511ba1686,agent_id,2dfc73e0-dba9-4aa5-babf-d5141ded5497
visit_deleted,334c7995-3499-4444-ab1c-29a511ba1686,visit_number,2
visit_deleted,67390fd7-8d4d-45ff-9145-66baacf19cc3,case_id,b71d3bd8-3f3d-46d1-8582-16b013a8d03d
visit_deleted,67390fd7-8d4d-45ff-9145-66baacf19cc3,outcome,NOT_AVAILABLE
visit_deleted,67390fd7-8d4d-45ff-9145-66baacf19cc3,check_in_time,2026-04-06T17:47:00+00:00
visit_deleted,67390fd7-8d4d-45ff-9145-66baacf19cc3,agent_id,1d5e58e8-954e-4d6c-b13c-6e6d614cb588
visit_deleted,67390fd7-8d4d-45ff-9145-66baacf19cc3,visit_number,1
visit_deleted,93c9f6f4-5334-4daf-92ec-38aa9809cbe9,case_id,b71d3bd8-3f3d-46d1-8582-16b013a8d03d
visit_deleted,93c9f6f4-5334-4daf-92ec-38aa9809cbe9,outcome,NOT_AVAILABLE
visit_deleted,93c9f6f4-5334-4daf-92ec-38aa9809cbe9,check_in_time,2026-08-26T08:12:00+00:00
visit_deleted,93c9f6f4-5334-4daf-92ec-38aa9809cbe9,agent_id,cd9e6eca-028e-4c61-8e82-048327bc4476
visit_deleted,93c9f6f4-5334-4daf-92ec-38aa9809cbe9,visit_number,3
visit_deleted,9f22e80a-0012-462e-8791-66301aaa9702,case_id,81a526e2-3990-4e09-b07a-049b311b4072
visit_deleted,9f22e80a-0012-462e-8791-66301aaa9702,outcome,RTP
visit_deleted,9f22e80a-0012-462e-8791-66301aaa9702,check_in_time,2026-08-26T14:33:00+00:00
visit_deleted,9f22e80a-0012-462e-8791-66301aaa9702,agent_id,3aa13103-bd03-4578-9292-44d88d58da00
visit_deleted,9f22e80a-0012-462e-8791-66301aaa9702,visit_number,4
visit_deleted,8cca93d1-3991-4493-aa65-6e96441cce78,case_id,9a89d221-937b-4e5c-8e56-86cc5261a4c7
visit_deleted,8cca93d1-3991-4493-aa65-6e96441cce78,outcome,PTP
visit_deleted,8cca93d1-3991-4493-aa65-6e96441cce78,check_in_time,2026-08-25T13:12:00+00:00
visit_deleted,8cca93d1-3991-4493-aa65-6e96441cce78,agent_id,b06cd5a3-f1c0-4cdb-b241-9ce2d6c5e791
visit_deleted,8cca93d1-3991-4493-aa65-6e96441cce78,visit_number,2
visit_deleted,bb7d4993-eafc-46f5-8dae-299a45e9cc37,case_id,f7e9d62a-7578-4e24-97e8-7c5be5cb42ac
visit_deleted,bb7d4993-eafc-46f5-8dae-299a45e9cc37,outcome,PTP
visit_deleted,bb7d4993-eafc-46f5-8dae-299a45e9cc37,check_in_time,2026-08-26T13:14:00+00:00
visit_deleted,bb7d4993-eafc-46f5-8dae-299a45e9cc37,agent_id,3aa13103-bd03-4578-9292-44d88d58da00
visit_deleted,bb7d4993-eafc-46f5-8dae-299a45e9cc37,visit_number,4
visit_deleted,c790c3d8-690b-449b-b4c6-3986b44f5ec9,case_id,4df45b7d-97fe-4dd8-a401-1084b36d43f1
visit_deleted,c790c3d8-690b-449b-b4c6-3986b44f5ec9,outcome,PTP
visit_deleted,c790c3d8-690b-449b-b4c6-3986b44f5ec9,check_in_time,2026-03-20T08:42:00+00:00
visit_deleted,c790c3d8-690b-449b-b4c6-3986b44f5ec9,agent_id,c37b6a5c-9d1c-46d4-8ece-dfce290dc74b
visit_deleted,c790c3d8-690b-449b-b4c6-3986b44f5ec9,visit_number,2
visit_deleted,4e69f882-3d87-4ae0-a655-bdd77c16cc69,case_id,29dc3255-867e-47ac-9b60-7d27a7ae5c41
visit_deleted,4e69f882-3d87-4ae0-a655-bdd77c16cc69,outcome,REVISIT
visit_deleted,4e69f882-3d87-4ae0-a655-bdd77c16cc69,check_in_time,2026-08-25T09:18:00+00:00
visit_deleted,4e69f882-3d87-4ae0-a655-bdd77c16cc69,agent_id,3e9c4168-1de9-43e8-b9f2-fbf3f931949d
visit_deleted,4e69f882-3d87-4ae0-a655-bdd77c16cc69,visit_number,2
visit_deleted,5e189130-d6a1-4521-8ed1-c29d3066b11f,case_id,617a7a6a-7b62-4af9-bd79-cd6932dd4c0a
visit_deleted,5e189130-d6a1-4521-8ed1-c29d3066b11f,outcome,REVISIT
visit_deleted,5e189130-d6a1-4521-8ed1-c29d3066b11f,check_in_time,2026-03-27T12:49:00+00:00
visit_deleted,5e189130-d6a1-4521-8ed1-c29d3066b11f,agent_id,2dfc73e0-dba9-4aa5-babf-d5141ded5497
visit_deleted,5e189130-d6a1-4521-8ed1-c29d3066b11f,visit_number,3
visit_deleted,6d2ba364-dde9-4832-95c9-3727cf181432,case_id,617a7a6a-7b62-4af9-bd79-cd6932dd4c0a
visit_deleted,6d2ba364-dde9-4832-95c9-3727cf181432,outcome,REVISIT
visit_deleted,6d2ba364-dde9-4832-95c9-3727cf181432,check_in_time,2026-03-31T17:02:00+00:00
visit_deleted,6d2ba364-dde9-4832-95c9-3727cf181432,agent_id,2dfc73e0-dba9-4aa5-babf-d5141ded5497
visit_deleted,6d2ba364-dde9-4832-95c9-3727cf181432,visit_number,2
visit_deleted,1d9c641b-401a-40a1-9e42-f4ff705705ac,case_id,617a7a6a-7b62-4af9-bd79-cd6932dd4c0a
visit_deleted,1d9c641b-401a-40a1-9e42-f4ff705705ac,outcome,REVISIT
visit_deleted,1d9c641b-401a-40a1-9e42-f4ff705705ac,check_in_time,2026-08-27T15:27:00+00:00
visit_deleted,1d9c641b-401a-40a1-9e42-f4ff705705ac,agent_id,2dfc73e0-dba9-4aa5-babf-d5141ded5497
visit_deleted,1d9c641b-401a-40a1-9e42-f4ff705705ac,visit_number,4
visit_deleted,740ae00f-aac0-462a-9fe0-366fddcb96e0,case_id,e0efa5dc-8c0c-4d42-b51d-1596aee20ed8
visit_deleted,740ae00f-aac0-462a-9fe0-366fddcb96e0,outcome,PTP
visit_deleted,740ae00f-aac0-462a-9fe0-366fddcb96e0,check_in_time,2026-08-26T13:05:00+00:00
visit_deleted,740ae00f-aac0-462a-9fe0-366fddcb96e0,agent_id,8e59153e-dc8e-4efa-af65-1db304a6f3f1
visit_deleted,740ae00f-aac0-462a-9fe0-366fddcb96e0,visit_number,3
visit_deleted,8f8e76ed-d6b8-4644-a62d-422535282019,case_id,4d76689b-6d37-4f34-bdcf-0365937ea1de
visit_deleted,8f8e76ed-d6b8-4644-a62d-422535282019,outcome,PTP
visit_deleted,8f8e76ed-d6b8-4644-a62d-422535282019,check_in_time,2026-08-25T12:47:00+00:00
visit_deleted,8f8e76ed-d6b8-4644-a62d-422535282019,agent_id,b06cd5a3-f1c0-4cdb-b241-9ce2d6c5e791
visit_deleted,8f8e76ed-d6b8-4644-a62d-422535282019,visit_number,2
visit_deleted,143426ef-53f0-4c1f-9726-aa6c122c2060,case_id,97639cbb-962c-4c74-b331-0a695b556ef1
visit_deleted,143426ef-53f0-4c1f-9726-aa6c122c2060,outcome,PTP
visit_deleted,143426ef-53f0-4c1f-9726-aa6c122c2060,check_in_time,2026-08-26T13:24:00+00:00
visit_deleted,143426ef-53f0-4c1f-9726-aa6c122c2060,agent_id,e9dced65-f61b-4c24-bae7-d4170299ed46
visit_deleted,143426ef-53f0-4c1f-9726-aa6c122c2060,visit_number,3
visit_deleted,9621c13b-1918-4ca0-b747-d324a47979e4,case_id,572d8401-b7ad-463e-a567-1de62fac03f2
visit_deleted,9621c13b-1918-4ca0-b747-d324a47979e4,outcome,PAID_FULL
visit_deleted,9621c13b-1918-4ca0-b747-d324a47979e4,check_in_time,2026-09-02T06:08:01.725290+00:00
visit_deleted,9621c13b-1918-4ca0-b747-d324a47979e4,agent_id,2b6de8aa-0976-4be0-8a40-043ff86ffa54
visit_deleted,9621c13b-1918-4ca0-b747-d324a47979e4,visit_number,3
visit_deleted,1796eecb-1777-4618-ba73-9f4c3084a7f1,case_id,a3da8514-f1a1-401d-bcb4-62c525e9f52a
visit_deleted,1796eecb-1777-4618-ba73-9f4c3084a7f1,outcome,PTP
visit_deleted,1796eecb-1777-4618-ba73-9f4c3084a7f1,check_in_time,2026-08-26T08:54:00+00:00
visit_deleted,1796eecb-1777-4618-ba73-9f4c3084a7f1,agent_id,3aa13103-bd03-4578-9292-44d88d58da00
visit_deleted,1796eecb-1777-4618-ba73-9f4c3084a7f1,visit_number,3
visit_deleted,416db158-0eae-4d45-977e-a6cbedd42501,case_id,73a72a08-c1b5-4ea1-9cd4-86f5753fdefc
visit_deleted,416db158-0eae-4d45-977e-a6cbedd42501,outcome,RTP
visit_deleted,416db158-0eae-4d45-977e-a6cbedd42501,check_in_time,2026-08-25T08:30:00+00:00
visit_deleted,416db158-0eae-4d45-977e-a6cbedd42501,agent_id,b06cd5a3-f1c0-4cdb-b241-9ce2d6c5e791
visit_deleted,416db158-0eae-4d45-977e-a6cbedd42501,visit_number,2
ptp_deleted,47ed777e-68d1-4340-ba1b-d90845af728b,case_id,23098913-3108-4799-a107-fb41b6c5df65
ptp_deleted,47ed777e-68d1-4340-ba1b-d90845af728b,visit_id,7514f851-1b58-49cf-97e0-d684b7233b9e
ptp_deleted,47ed777e-68d1-4340-ba1b-d90845af728b,status,HONORED
ptp_deleted,47ed777e-68d1-4340-ba1b-d90845af728b,committed_amount,1089.08
ptp_deleted,47ed777e-68d1-4340-ba1b-d90845af728b,committed_date,2026-08-27
ptp_deleted,4c871919-6d44-4eea-8a09-0c90e04765a3,case_id,cb823cd9-42bf-4b15-925b-98c916e86f58
ptp_deleted,4c871919-6d44-4eea-8a09-0c90e04765a3,visit_id,30c3fc08-ae3f-4735-8d74-a7a3e34b44bf
ptp_deleted,4c871919-6d44-4eea-8a09-0c90e04765a3,status,HONORED
ptp_deleted,4c871919-6d44-4eea-8a09-0c90e04765a3,committed_amount,28200.0
ptp_deleted,4c871919-6d44-4eea-8a09-0c90e04765a3,committed_date,2026-09-11
ptp_deleted,4aad6f89-c18e-4fa1-9346-b427b5887df2,case_id,e6b0feef-4ece-4716-8339-b9130ed25df1
ptp_deleted,4aad6f89-c18e-4fa1-9346-b427b5887df2,visit_id,9a8be73c-2537-49b2-9536-ee017b5ca3af
ptp_deleted,4aad6f89-c18e-4fa1-9346-b427b5887df2,status,HONORED
ptp_deleted,4aad6f89-c18e-4fa1-9346-b427b5887df2,committed_amount,10150.0
ptp_deleted,4aad6f89-c18e-4fa1-9346-b427b5887df2,committed_date,2026-09-02
ptp_deleted,1b0cf747-4603-41c8-b238-161150e61feb,case_id,939dd91b-ef27-419b-a94e-1581e7a0b98a
ptp_deleted,1b0cf747-4603-41c8-b238-161150e61feb,visit_id,a4134b8e-ec2b-46e0-945e-2615729ee8fe
ptp_deleted,1b0cf747-4603-41c8-b238-161150e61feb,status,HONORED
ptp_deleted,1b0cf747-4603-41c8-b238-161150e61feb,committed_amount,12308.75
ptp_deleted,1b0cf747-4603-41c8-b238-161150e61feb,committed_date,2026-08-27
ptp_deleted,051c9fd3-47bc-4335-a42c-9b1941944e0d,case_id,34a83a97-bdaa-4b85-81c3-980fba9da7b3
ptp_deleted,051c9fd3-47bc-4335-a42c-9b1941944e0d,visit_id,63cc9b67-3f34-4ae7-9285-180222f8ad21
ptp_deleted,051c9fd3-47bc-4335-a42c-9b1941944e0d,status,ACTIVE
ptp_deleted,051c9fd3-47bc-4335-a42c-9b1941944e0d,committed_amount,762.34
ptp_deleted,051c9fd3-47bc-4335-a42c-9b1941944e0d,committed_date,2026-09-07
ptp_deleted,1c4df922-c147-4bb2-8050-ac859c461523,case_id,d07825db-d43c-479a-ba05-bcb371149f3d
ptp_deleted,1c4df922-c147-4bb2-8050-ac859c461523,visit_id,c241e71e-0289-4fe4-bb72-7b1e2b374b65
ptp_deleted,1c4df922-c147-4bb2-8050-ac859c461523,status,HONORED
ptp_deleted,1c4df922-c147-4bb2-8050-ac859c461523,committed_amount,17950.0
ptp_deleted,1c4df922-c147-4bb2-8050-ac859c461523,committed_date,2026-09-12
ptp_deleted,15d5a610-5159-43e3-8ec9-aacc5a88dace,case_id,714085f0-81e2-490e-8294-4d997ffcf6e3
ptp_deleted,15d5a610-5159-43e3-8ec9-aacc5a88dace,visit_id,01115e9b-ef38-4168-b470-2fa564908382
ptp_deleted,15d5a610-5159-43e3-8ec9-aacc5a88dace,status,HONORED
ptp_deleted,15d5a610-5159-43e3-8ec9-aacc5a88dace,committed_amount,51740.0
ptp_deleted,15d5a610-5159-43e3-8ec9-aacc5a88dace,committed_date,2026-09-02
ptp_deleted,1d673604-643f-4276-9fca-8ea4aad7c494,case_id,81a27a01-8a5b-4b9f-a0b6-d289220480dd
ptp_deleted,1d673604-643f-4276-9fca-8ea4aad7c494,visit_id,864ec078-4572-4da4-824a-88f3357fc03a
ptp_deleted,1d673604-643f-4276-9fca-8ea4aad7c494,status,HONORED
ptp_deleted,1d673604-643f-4276-9fca-8ea4aad7c494,committed_amount,823.7
ptp_deleted,1d673604-643f-4276-9fca-8ea4aad7c494,committed_date,2026-08-27
ptp_deleted,2355b3f2-c0d4-43cd-816a-8dc88c49595d,case_id,d0e4dca5-a091-4e5f-ab0c-2fc1540559dd
ptp_deleted,2355b3f2-c0d4-43cd-816a-8dc88c49595d,visit_id,87a5ec15-4f54-477a-a881-9b4add19c33e
ptp_deleted,2355b3f2-c0d4-43cd-816a-8dc88c49595d,status,BROKEN
ptp_deleted,2355b3f2-c0d4-43cd-816a-8dc88c49595d,committed_amount,8330.0
ptp_deleted,2355b3f2-c0d4-43cd-816a-8dc88c49595d,committed_date,2026-05-23
ptp_deleted,23ca61c9-d7fd-43a5-b95f-b0ed502973d1,case_id,29b521d2-e392-4ce5-adb0-6cb9847d0d20
ptp_deleted,23ca61c9-d7fd-43a5-b95f-b0ed502973d1,visit_id,9ab2222a-ef13-4459-9877-c56987ff811a
ptp_deleted,23ca61c9-d7fd-43a5-b95f-b0ed502973d1,status,HONORED
ptp_deleted,23ca61c9-d7fd-43a5-b95f-b0ed502973d1,committed_amount,32830.0
ptp_deleted,23ca61c9-d7fd-43a5-b95f-b0ed502973d1,committed_date,2026-08-31
ptp_deleted,2b3a43df-d7fe-4991-974b-b8bbca091b87,case_id,eb4f218d-7ede-48fd-af7d-171361fd3dbc
ptp_deleted,2b3a43df-d7fe-4991-974b-b8bbca091b87,visit_id,4135ae83-3024-458e-87e9-53c4fb394fd0
ptp_deleted,2b3a43df-d7fe-4991-974b-b8bbca091b87,status,HONORED
ptp_deleted,2b3a43df-d7fe-4991-974b-b8bbca091b87,committed_amount,3680.0
ptp_deleted,2b3a43df-d7fe-4991-974b-b8bbca091b87,committed_date,2026-09-04
ptp_deleted,1bd5aeef-4994-47a6-a6ce-ac99ba6f793f,case_id,9e12f965-5f74-49df-b7f0-ea15d8258903
ptp_deleted,1bd5aeef-4994-47a6-a6ce-ac99ba6f793f,visit_id,0ebbf75d-5736-458b-8d95-13e4dcec5c4f
ptp_deleted,1bd5aeef-4994-47a6-a6ce-ac99ba6f793f,status,HONORED
ptp_deleted,1bd5aeef-4994-47a6-a6ce-ac99ba6f793f,committed_amount,9240.0
ptp_deleted,1bd5aeef-4994-47a6-a6ce-ac99ba6f793f,committed_date,2026-09-03
ptp_deleted,28b4cd97-274c-4b57-86d9-765bef48d84f,case_id,4d76689b-6d37-4f34-bdcf-0365937ea1de
ptp_deleted,28b4cd97-274c-4b57-86d9-765bef48d84f,visit_id,8f8e76ed-d6b8-4644-a62d-422535282019
ptp_deleted,28b4cd97-274c-4b57-86d9-765bef48d84f,status,HONORED
ptp_deleted,28b4cd97-274c-4b57-86d9-765bef48d84f,committed_amount,33170.0
ptp_deleted,28b4cd97-274c-4b57-86d9-765bef48d84f,committed_date,2026-09-07
ptp_deleted,34a88de8-141a-4a39-9bbe-428aa45a1a5f,case_id,d3f3f443-1bbf-4e43-a503-4172654b54bf
ptp_deleted,34a88de8-141a-4a39-9bbe-428aa45a1a5f,visit_id,b9d5da2c-4dc1-44d3-96db-f2239cf1614e
ptp_deleted,34a88de8-141a-4a39-9bbe-428aa45a1a5f,status,HONORED
ptp_deleted,34a88de8-141a-4a39-9bbe-428aa45a1a5f,committed_amount,11720.0
ptp_deleted,34a88de8-141a-4a39-9bbe-428aa45a1a5f,committed_date,2026-09-08
ptp_deleted,359e7b97-47a7-408e-8d29-b830c28fc888,case_id,0dd8e62a-6fed-4336-908e-830044c97213
ptp_deleted,359e7b97-47a7-408e-8d29-b830c28fc888,visit_id,35a13837-34f6-41a0-a77e-ae81e2609370
ptp_deleted,359e7b97-47a7-408e-8d29-b830c28fc888,status,HONORED
ptp_deleted,359e7b97-47a7-408e-8d29-b830c28fc888,committed_amount,15070.0
ptp_deleted,359e7b97-47a7-408e-8d29-b830c28fc888,committed_date,2026-09-09
ptp_deleted,422e4bd6-b925-4718-bd3e-dc446346a63f,case_id,9a89d221-937b-4e5c-8e56-86cc5261a4c7
ptp_deleted,422e4bd6-b925-4718-bd3e-dc446346a63f,visit_id,8cca93d1-3991-4493-aa65-6e96441cce78
ptp_deleted,422e4bd6-b925-4718-bd3e-dc446346a63f,status,HONORED
ptp_deleted,422e4bd6-b925-4718-bd3e-dc446346a63f,committed_amount,35430.0
ptp_deleted,422e4bd6-b925-4718-bd3e-dc446346a63f,committed_date,2026-09-13
ptp_deleted,58d67900-ba30-451d-8a9f-ed33699105e8,case_id,7021452b-ac8d-43df-a12b-261c28d4a06f
ptp_deleted,58d67900-ba30-451d-8a9f-ed33699105e8,visit_id,71f53ac2-4fe2-4d0b-9931-7adafd58cc23
ptp_deleted,58d67900-ba30-451d-8a9f-ed33699105e8,status,HONORED
ptp_deleted,58d67900-ba30-451d-8a9f-ed33699105e8,committed_amount,38700.0
ptp_deleted,58d67900-ba30-451d-8a9f-ed33699105e8,committed_date,2026-09-02
ptp_deleted,5dabe3e0-6a06-4bb4-a4e6-713213464e8f,case_id,cb2aff7e-8a25-4539-b666-eb2ee3cd72bd
ptp_deleted,5dabe3e0-6a06-4bb4-a4e6-713213464e8f,visit_id,e97e71af-5312-4e36-a239-48b741335e17
ptp_deleted,5dabe3e0-6a06-4bb4-a4e6-713213464e8f,status,HONORED
ptp_deleted,5dabe3e0-6a06-4bb4-a4e6-713213464e8f,committed_amount,14150.0
ptp_deleted,5dabe3e0-6a06-4bb4-a4e6-713213464e8f,committed_date,2026-09-08
ptp_deleted,6118eb91-76ce-4e8e-9474-cb333d42a266,case_id,d742b556-ee96-48f2-abda-22632caa4e2f
ptp_deleted,6118eb91-76ce-4e8e-9474-cb333d42a266,visit_id,c4a80e7f-1c2d-411b-9454-3e0a89396e88
ptp_deleted,6118eb91-76ce-4e8e-9474-cb333d42a266,status,HONORED
ptp_deleted,6118eb91-76ce-4e8e-9474-cb333d42a266,committed_amount,12330.0
ptp_deleted,6118eb91-76ce-4e8e-9474-cb333d42a266,committed_date,2026-09-11
ptp_deleted,613e05d5-c777-48d9-a94f-c03728647ce9,case_id,4df45b7d-97fe-4dd8-a401-1084b36d43f1
ptp_deleted,613e05d5-c777-48d9-a94f-c03728647ce9,visit_id,c790c3d8-690b-449b-b4c6-3986b44f5ec9
ptp_deleted,613e05d5-c777-48d9-a94f-c03728647ce9,status,HONORED
ptp_deleted,613e05d5-c777-48d9-a94f-c03728647ce9,committed_amount,13260.0
ptp_deleted,613e05d5-c777-48d9-a94f-c03728647ce9,committed_date,2026-03-20
ptp_deleted,68f337b8-6925-4455-ac2b-be0a7109f1d1,case_id,535dc9cb-a1c5-4232-addf-fb6a3ad930c7
ptp_deleted,68f337b8-6925-4455-ac2b-be0a7109f1d1,visit_id,1a4b71b4-e670-463d-993c-3d9dd2bfdbe7
ptp_deleted,68f337b8-6925-4455-ac2b-be0a7109f1d1,status,HONORED
ptp_deleted,68f337b8-6925-4455-ac2b-be0a7109f1d1,committed_amount,11080.0
ptp_deleted,68f337b8-6925-4455-ac2b-be0a7109f1d1,committed_date,2026-06-22
ptp_deleted,6d70886e-3082-402d-9658-9fb3b686f92d,case_id,13871b39-d123-4a16-a6f2-1a6823e94358
ptp_deleted,6d70886e-3082-402d-9658-9fb3b686f92d,visit_id,ea75dc30-2032-45f9-8f69-75197cb79041
ptp_deleted,6d70886e-3082-402d-9658-9fb3b686f92d,status,HONORED
ptp_deleted,6d70886e-3082-402d-9658-9fb3b686f92d,committed_amount,9760.0
ptp_deleted,6d70886e-3082-402d-9658-9fb3b686f92d,committed_date,2026-09-13
ptp_deleted,72a5c88e-e3e9-4f3b-903e-464500684d99,case_id,1484c2d5-18ee-4af6-88c4-26cd52210993
ptp_deleted,72a5c88e-e3e9-4f3b-903e-464500684d99,visit_id,9574137c-eb63-4539-902a-6a82d2f3c4cf
ptp_deleted,72a5c88e-e3e9-4f3b-903e-464500684d99,status,HONORED
ptp_deleted,72a5c88e-e3e9-4f3b-903e-464500684d99,committed_amount,32250.0
ptp_deleted,72a5c88e-e3e9-4f3b-903e-464500684d99,committed_date,2026-09-06
ptp_deleted,747e9921-3562-4174-bc2b-709d421316d0,case_id,85858dd3-a720-4de0-9f80-d4be45351430
ptp_deleted,747e9921-3562-4174-bc2b-709d421316d0,visit_id,a573ad51-05a9-434d-ad19-80a23463882f
ptp_deleted,747e9921-3562-4174-bc2b-709d421316d0,status,HONORED
ptp_deleted,747e9921-3562-4174-bc2b-709d421316d0,committed_amount,8670.0
ptp_deleted,747e9921-3562-4174-bc2b-709d421316d0,committed_date,2026-08-30
ptp_deleted,7c1ecc91-1a2a-4c57-a73c-5452a0eec3de,case_id,87d59810-fe9a-4652-ab81-81c3f3b520fc
ptp_deleted,7c1ecc91-1a2a-4c57-a73c-5452a0eec3de,visit_id,234640bb-0746-434c-9976-db657bfa925f
ptp_deleted,7c1ecc91-1a2a-4c57-a73c-5452a0eec3de,status,HONORED
ptp_deleted,7c1ecc91-1a2a-4c57-a73c-5452a0eec3de,committed_amount,12000.0
ptp_deleted,7c1ecc91-1a2a-4c57-a73c-5452a0eec3de,committed_date,2026-08-31
ptp_deleted,7c33986b-499f-413d-a8cd-4d53e798c29f,case_id,3a3946fc-6af6-4425-8701-bef7882702a5
ptp_deleted,7c33986b-499f-413d-a8cd-4d53e798c29f,visit_id,70d3e0cd-3415-4cef-84f4-2ad7e3ec029c
ptp_deleted,7c33986b-499f-413d-a8cd-4d53e798c29f,status,HONORED
ptp_deleted,7c33986b-499f-413d-a8cd-4d53e798c29f,committed_amount,6670.0
ptp_deleted,7c33986b-499f-413d-a8cd-4d53e798c29f,committed_date,2026-09-09
ptp_deleted,7e285035-fb0d-4156-a426-679dcfd7bdfc,case_id,7e6a068c-81ea-4d8d-bfd9-5568ca5914bd
ptp_deleted,7e285035-fb0d-4156-a426-679dcfd7bdfc,visit_id,fe9b898c-553d-49ff-8732-419e55fe5906
ptp_deleted,7e285035-fb0d-4156-a426-679dcfd7bdfc,status,HONORED
ptp_deleted,7e285035-fb0d-4156-a426-679dcfd7bdfc,committed_amount,19930.0
ptp_deleted,7e285035-fb0d-4156-a426-679dcfd7bdfc,committed_date,2026-09-05
ptp_deleted,8681e441-e92e-4b99-8491-d24cf94368ba,case_id,8e71049d-51b1-484a-9fc4-3aeb19f20939
ptp_deleted,8681e441-e92e-4b99-8491-d24cf94368ba,visit_id,5c37efbb-a907-4511-bfce-8c5d0dca7891
ptp_deleted,8681e441-e92e-4b99-8491-d24cf94368ba,status,HONORED
ptp_deleted,8681e441-e92e-4b99-8491-d24cf94368ba,committed_amount,2420.0
ptp_deleted,8681e441-e92e-4b99-8491-d24cf94368ba,committed_date,2026-09-01
ptp_deleted,8b2ea4cf-76f6-43fb-8c00-2113d86ab624,case_id,f7af24f5-aeba-4868-b1f9-ec794bbca1f3
ptp_deleted,8b2ea4cf-76f6-43fb-8c00-2113d86ab624,visit_id,a692312e-c8df-4b1e-b544-650a52457d59
ptp_deleted,8b2ea4cf-76f6-43fb-8c00-2113d86ab624,status,HONORED
ptp_deleted,8b2ea4cf-76f6-43fb-8c00-2113d86ab624,committed_amount,3950.0
ptp_deleted,8b2ea4cf-76f6-43fb-8c00-2113d86ab624,committed_date,2026-09-09
ptp_deleted,8d70e981-4aa1-4d76-bae2-7163eef63c38,case_id,939dd91b-ef27-419b-a94e-1581e7a0b98a
ptp_deleted,8d70e981-4aa1-4d76-bae2-7163eef63c38,visit_id,a4134b8e-ec2b-46e0-945e-2615729ee8fe
ptp_deleted,8d70e981-4aa1-4d76-bae2-7163eef63c38,status,HONORED
ptp_deleted,8d70e981-4aa1-4d76-bae2-7163eef63c38,committed_amount,13270.0
ptp_deleted,8d70e981-4aa1-4d76-bae2-7163eef63c38,committed_date,2026-09-05
ptp_deleted,92f0fe90-a67c-4862-bc85-cc2d40f91511,case_id,9b6a6612-0467-4542-8742-767cc7d146ab
ptp_deleted,92f0fe90-a67c-4862-bc85-cc2d40f91511,visit_id,8ce78ad8-e6c3-4282-b236-969890fe7f15
ptp_deleted,92f0fe90-a67c-4862-bc85-cc2d40f91511,status,HONORED
ptp_deleted,92f0fe90-a67c-4862-bc85-cc2d40f91511,committed_amount,26300.0
ptp_deleted,92f0fe90-a67c-4862-bc85-cc2d40f91511,committed_date,2026-09-04
ptp_deleted,993c6dd6-287a-42d1-b52e-ccba3f21d4c4,case_id,72bdd4c1-d2b7-453e-8b18-44d4e38a3efa
ptp_deleted,993c6dd6-287a-42d1-b52e-ccba3f21d4c4,visit_id,af9066c6-5bea-495b-8224-b3da1f274180
ptp_deleted,993c6dd6-287a-42d1-b52e-ccba3f21d4c4,status,HONORED
ptp_deleted,993c6dd6-287a-42d1-b52e-ccba3f21d4c4,committed_amount,4060.0
ptp_deleted,993c6dd6-287a-42d1-b52e-ccba3f21d4c4,committed_date,2026-09-05
ptp_deleted,9a07f239-86e4-4a23-b43c-2f617f415868,case_id,97639cbb-962c-4c74-b331-0a695b556ef1
ptp_deleted,9a07f239-86e4-4a23-b43c-2f617f415868,visit_id,143426ef-53f0-4c1f-9726-aa6c122c2060
ptp_deleted,9a07f239-86e4-4a23-b43c-2f617f415868,status,HONORED
ptp_deleted,9a07f239-86e4-4a23-b43c-2f617f415868,committed_amount,4010.0
ptp_deleted,9a07f239-86e4-4a23-b43c-2f617f415868,committed_date,2026-09-11
ptp_deleted,9cc766a0-d6ef-4e47-8921-2532bb319ab5,case_id,12a40d91-5e4d-49b3-93c7-3c814c04a69d
ptp_deleted,9cc766a0-d6ef-4e47-8921-2532bb319ab5,visit_id,4ed936c3-4ceb-4b86-a674-1e76459e7b0a
ptp_deleted,9cc766a0-d6ef-4e47-8921-2532bb319ab5,status,HONORED
ptp_deleted,9cc766a0-d6ef-4e47-8921-2532bb319ab5,committed_amount,6670.0
ptp_deleted,9cc766a0-d6ef-4e47-8921-2532bb319ab5,committed_date,2026-09-12
ptp_deleted,a44aad1f-637b-439f-be57-9db3396b4d04,case_id,81a27a01-8a5b-4b9f-a0b6-d289220480dd
ptp_deleted,a44aad1f-637b-439f-be57-9db3396b4d04,visit_id,864ec078-4572-4da4-824a-88f3357fc03a
ptp_deleted,a44aad1f-637b-439f-be57-9db3396b4d04,status,HONORED
ptp_deleted,a44aad1f-637b-439f-be57-9db3396b4d04,committed_amount,2059.25
ptp_deleted,a44aad1f-637b-439f-be57-9db3396b4d04,committed_date,2026-09-02
ptp_deleted,a8434431-f2b3-401a-bc63-3ca51f634475,case_id,23098913-3108-4799-a107-fb41b6c5df65
ptp_deleted,a8434431-f2b3-401a-bc63-3ca51f634475,visit_id,7514f851-1b58-49cf-97e0-d684b7233b9e
ptp_deleted,a8434431-f2b3-401a-bc63-3ca51f634475,status,HONORED
ptp_deleted,a8434431-f2b3-401a-bc63-3ca51f634475,committed_amount,2722.71
ptp_deleted,a8434431-f2b3-401a-bc63-3ca51f634475,committed_date,2026-09-01
ptp_deleted,a9e09925-bfec-4fdb-8f61-7fdd99ae4396,case_id,23098913-3108-4799-a107-fb41b6c5df65
ptp_deleted,a9e09925-bfec-4fdb-8f61-7fdd99ae4396,visit_id,b0e98ec4-31b7-4c5f-8b57-4a0cb4518d01
ptp_deleted,a9e09925-bfec-4fdb-8f61-7fdd99ae4396,status,BROKEN
ptp_deleted,a9e09925-bfec-4fdb-8f61-7fdd99ae4396,committed_amount,28130.0
ptp_deleted,a9e09925-bfec-4fdb-8f61-7fdd99ae4396,committed_date,2026-07-28
ptp_deleted,ad124c1b-bb17-43f3-a15e-7ad1749d0286,case_id,0dcbdcf7-94d5-4e0e-9783-aa99e78e017d
ptp_deleted,ad124c1b-bb17-43f3-a15e-7ad1749d0286,visit_id,dd887b34-7a6c-4975-a7ec-671edc4e5fb3
ptp_deleted,ad124c1b-bb17-43f3-a15e-7ad1749d0286,status,HONORED
ptp_deleted,ad124c1b-bb17-43f3-a15e-7ad1749d0286,committed_amount,10000.0
ptp_deleted,ad124c1b-bb17-43f3-a15e-7ad1749d0286,committed_date,2026-09-14
ptp_deleted,ad5a7179-ff5c-40f2-8c70-b165595a0663,case_id,8b280147-6af2-4e13-a908-6a2f86128349
ptp_deleted,ad5a7179-ff5c-40f2-8c70-b165595a0663,visit_id,334c7995-3499-4444-ab1c-29a511ba1686
ptp_deleted,ad5a7179-ff5c-40f2-8c70-b165595a0663,status,HONORED
ptp_deleted,ad5a7179-ff5c-40f2-8c70-b165595a0663,committed_amount,19710.0
ptp_deleted,ad5a7179-ff5c-40f2-8c70-b165595a0663,committed_date,2026-09-11
ptp_deleted,b06c437c-9e07-4cb9-ac5c-ebc6f637871a,case_id,e0efa5dc-8c0c-4d42-b51d-1596aee20ed8
ptp_deleted,b06c437c-9e07-4cb9-ac5c-ebc6f637871a,visit_id,740ae00f-aac0-462a-9fe0-366fddcb96e0
ptp_deleted,b06c437c-9e07-4cb9-ac5c-ebc6f637871a,status,HONORED
ptp_deleted,b06c437c-9e07-4cb9-ac5c-ebc6f637871a,committed_amount,40650.0
ptp_deleted,b06c437c-9e07-4cb9-ac5c-ebc6f637871a,committed_date,2026-09-01
ptp_deleted,b4776878-db09-4a86-9061-944869a049ae,case_id,a3da8514-f1a1-401d-bcb4-62c525e9f52a
ptp_deleted,b4776878-db09-4a86-9061-944869a049ae,visit_id,1796eecb-1777-4618-ba73-9f4c3084a7f1
ptp_deleted,b4776878-db09-4a86-9061-944869a049ae,status,HONORED
ptp_deleted,b4776878-db09-4a86-9061-944869a049ae,committed_amount,3890.0
ptp_deleted,b4776878-db09-4a86-9061-944869a049ae,committed_date,2026-08-30
ptp_deleted,b82eb955-2c80-4c1b-bc20-9db248d970bd,case_id,d0e4dca5-a091-4e5f-ab0c-2fc1540559dd
ptp_deleted,b82eb955-2c80-4c1b-bc20-9db248d970bd,visit_id,88aff4a2-8bba-404a-a42b-5163bf190a22
ptp_deleted,b82eb955-2c80-4c1b-bc20-9db248d970bd,status,HONORED
ptp_deleted,b82eb955-2c80-4c1b-bc20-9db248d970bd,committed_amount,8330.0
ptp_deleted,b82eb955-2c80-4c1b-bc20-9db248d970bd,committed_date,2026-09-11
ptp_deleted,b88cc0fc-0146-402e-aad3-10364e2cc0ca,case_id,f7e9d62a-7578-4e24-97e8-7c5be5cb42ac
ptp_deleted,b88cc0fc-0146-402e-aad3-10364e2cc0ca,visit_id,bb7d4993-eafc-46f5-8dae-299a45e9cc37
ptp_deleted,b88cc0fc-0146-402e-aad3-10364e2cc0ca,status,HONORED
ptp_deleted,b88cc0fc-0146-402e-aad3-10364e2cc0ca,committed_amount,10380.0
ptp_deleted,b88cc0fc-0146-402e-aad3-10364e2cc0ca,committed_date,2026-09-01
ptp_deleted,be817be9-2ff7-4fbd-984f-afa5273f270c,case_id,58dc883f-2557-43f5-ad16-d57ab937894a
ptp_deleted,be817be9-2ff7-4fbd-984f-afa5273f270c,visit_id,0c607ae0-b5f0-4c2a-93bc-cf7978468e12
ptp_deleted,be817be9-2ff7-4fbd-984f-afa5273f270c,status,HONORED
ptp_deleted,be817be9-2ff7-4fbd-984f-afa5273f270c,committed_amount,30870.0
ptp_deleted,be817be9-2ff7-4fbd-984f-afa5273f270c,committed_date,2026-09-15
ptp_deleted,c64b5f77-3cb1-4947-911f-517f2043ded8,case_id,a2e9c642-b032-4b68-bc31-c4484e11410c
ptp_deleted,c64b5f77-3cb1-4947-911f-517f2043ded8,visit_id,80a962ac-ef90-4be8-86df-b0f4fb0024de
ptp_deleted,c64b5f77-3cb1-4947-911f-517f2043ded8,status,HONORED
ptp_deleted,c64b5f77-3cb1-4947-911f-517f2043ded8,committed_amount,30870.0
ptp_deleted,c64b5f77-3cb1-4947-911f-517f2043ded8,committed_date,2026-09-01
ptp_deleted,c8f69f5a-8b93-4e03-aea7-8eb6dcc60c21,case_id,040d1b3e-b365-4dd1-943e-eaeb1e543898
ptp_deleted,c8f69f5a-8b93-4e03-aea7-8eb6dcc60c21,visit_id,f58938c4-80d0-4a2e-8e57-fde03e008c13
ptp_deleted,c8f69f5a-8b93-4e03-aea7-8eb6dcc60c21,status,HONORED
ptp_deleted,c8f69f5a-8b93-4e03-aea7-8eb6dcc60c21,committed_amount,4060.0
ptp_deleted,c8f69f5a-8b93-4e03-aea7-8eb6dcc60c21,committed_date,2026-09-15
ptp_deleted,d3ccddef-219c-4f1c-b88f-dfb326912191,case_id,7d320cac-116a-4fca-91e3-21aeb3e7b44e
ptp_deleted,d3ccddef-219c-4f1c-b88f-dfb326912191,visit_id,43577d83-3bdf-47c1-a431-807186deac87
ptp_deleted,d3ccddef-219c-4f1c-b88f-dfb326912191,status,HONORED
ptp_deleted,d3ccddef-219c-4f1c-b88f-dfb326912191,committed_amount,23040.0
ptp_deleted,d3ccddef-219c-4f1c-b88f-dfb326912191,committed_date,2026-09-02
ptp_deleted,d86f1aab-177e-421c-b767-f288634ff717,case_id,a6523406-7495-4e41-b1e5-0d38859cb75f
ptp_deleted,d86f1aab-177e-421c-b767-f288634ff717,visit_id,80f72f73-0f1e-41a9-9d50-0bbac538f6d6
ptp_deleted,d86f1aab-177e-421c-b767-f288634ff717,status,HONORED
ptp_deleted,d86f1aab-177e-421c-b767-f288634ff717,committed_amount,2690.0
ptp_deleted,d86f1aab-177e-421c-b767-f288634ff717,committed_date,2026-09-01
ptp_deleted,db5ffc89-506d-460f-8d79-536e7380ab6c,case_id,7e11458d-c812-46e8-af48-d562d3b7d4a6
ptp_deleted,db5ffc89-506d-460f-8d79-536e7380ab6c,visit_id,d25c29d4-d257-4b15-a472-01141528731c
ptp_deleted,db5ffc89-506d-460f-8d79-536e7380ab6c,status,HONORED
ptp_deleted,db5ffc89-506d-460f-8d79-536e7380ab6c,committed_amount,10330.0
ptp_deleted,db5ffc89-506d-460f-8d79-536e7380ab6c,committed_date,2026-09-07
ptp_deleted,dea52359-d24f-4829-b1ca-caa2f97ce558,case_id,3d6aefac-5b91-482c-b033-e11f15822263
ptp_deleted,dea52359-d24f-4829-b1ca-caa2f97ce558,visit_id,634a73c0-148c-4528-b3aa-0a4a63964a72
ptp_deleted,dea52359-d24f-4829-b1ca-caa2f97ce558,status,HONORED
ptp_deleted,dea52359-d24f-4829-b1ca-caa2f97ce558,committed_amount,26730.0
ptp_deleted,dea52359-d24f-4829-b1ca-caa2f97ce558,committed_date,2026-09-02
ptp_deleted,e797a316-7490-4fc4-94a4-1d70ea18579e,case_id,3d6f3ec1-6eca-4bf6-86e7-a280a4b09ba5
ptp_deleted,e797a316-7490-4fc4-94a4-1d70ea18579e,visit_id,4106c003-5dea-4915-a96f-48e602978053
ptp_deleted,e797a316-7490-4fc4-94a4-1d70ea18579e,status,HONORED
ptp_deleted,e797a316-7490-4fc4-94a4-1d70ea18579e,committed_amount,10670.0
ptp_deleted,e797a316-7490-4fc4-94a4-1d70ea18579e,committed_date,2026-09-04
ptp_deleted,eb38a0c7-e2bd-411b-9786-261bba7ef836,case_id,0fe7cecc-f9f7-4f24-b0fe-e66b76150615
ptp_deleted,eb38a0c7-e2bd-411b-9786-261bba7ef836,visit_id,5c2363c1-efe0-4c3e-a85b-b4952c44151f
ptp_deleted,eb38a0c7-e2bd-411b-9786-261bba7ef836,status,HONORED
ptp_deleted,eb38a0c7-e2bd-411b-9786-261bba7ef836,committed_amount,19330.0
ptp_deleted,eb38a0c7-e2bd-411b-9786-261bba7ef836,committed_date,2026-09-03
ptp_deleted,f6d552aa-765b-48d6-8b25-852659c67c2f,case_id,d65eede3-98ea-45c2-b7cb-ee89a83051b0
ptp_deleted,f6d552aa-765b-48d6-8b25-852659c67c2f,visit_id,f511317d-eccc-4d9f-a83d-735fa46b7c34
ptp_deleted,f6d552aa-765b-48d6-8b25-852659c67c2f,status,HONORED
ptp_deleted,f6d552aa-765b-48d6-8b25-852659c67c2f,committed_amount,51590.0
ptp_deleted,f6d552aa-765b-48d6-8b25-852659c67c2f,committed_date,2026-09-05
ptp_deleted,f7b230d5-61bd-4888-8758-ace1fc95b2c4,case_id,fc5fe2fa-9b0c-4341-b09f-f052b7726345
ptp_deleted,f7b230d5-61bd-4888-8758-ace1fc95b2c4,visit_id,ef40f4f2-e979-4a20-9c2d-8845e4f4e964
ptp_deleted,f7b230d5-61bd-4888-8758-ace1fc95b2c4,status,HONORED
ptp_deleted,f7b230d5-61bd-4888-8758-ace1fc95b2c4,committed_amount,19710.0
ptp_deleted,f7b230d5-61bd-4888-8758-ace1fc95b2c4,committed_date,2026-09-03
ptp_deleted,fcd1e81b-0e26-45b1-a6f0-c4bb6ac309c2,case_id,dd0aa156-1c6f-43eb-9f3d-82b10db23aa4
ptp_deleted,fcd1e81b-0e26-45b1-a6f0-c4bb6ac309c2,visit_id,bd8aa0f8-419c-4341-af87-141677b3314b
ptp_deleted,fcd1e81b-0e26-45b1-a6f0-c4bb6ac309c2,status,HONORED
ptp_deleted,fcd1e81b-0e26-45b1-a6f0-c4bb6ac309c2,committed_amount,56190.0
ptp_deleted,fcd1e81b-0e26-45b1-a6f0-c4bb6ac309c2,committed_date,2026-09-03
ptp,8addd677-e775-497b-8c84-578aea4be714,status,ACTIVE
ptp,476c6d44-7d78-40a6-8a46-77734b4d13e8,status,ACTIVE
ptp,531756f4-0908-4235-a86b-de8841890f0d,status,ACTIVE
ptp,051c9fd3-47bc-4335-a42c-9b1941944e0d,status,ACTIVE
ptp,15cb3975-f976-4f03-8e3d-0990f5ccbcf6,status,ACTIVE
ptp,0a727675-79df-4c06-9e9e-bd4bb1600fd2,status,ACTIVE
ptp,261f9c0f-d3a6-4ac3-a26e-cf0b91182b25,status,ACTIVE
ptp,671ab6c5-189d-443a-819b-1844633de920,status,ACTIVE
ptp,6bd5fe39-8a60-4587-b3ed-c794c214eef9,status,ACTIVE
ptp,6e2ee6b7-69ea-44a3-909e-3ba56f482318,status,ACTIVE
ptp,71b42fbb-7f12-4141-9251-76e0db733458,status,ACTIVE
ptp,83445e8c-a4bd-47b5-897d-8ac283fa91cb,status,ACTIVE
ptp,a0a493b3-0d59-4244-816e-64d047de7cf5,status,ACTIVE
ptp,a88152ad-985a-4cf8-974a-935e80f23158,status,ACTIVE
ptp,b579ac2e-a2a0-466e-87bb-0a8da89fd669,status,ACTIVE
ptp,bb53cb5d-e9c5-4a9a-b439-d4badad03b9f,status,ACTIVE
ptp,db40fe3d-4be7-472f-8784-8e8dde008f66,status,ACTIVE
ptp,e5762d2c-43e9-46c3-b2e3-bd2a4425a06c,status,ACTIVE
ptp,ea615a8d-051e-469d-98de-dd73d207d4ce,status,ACTIVE
ptp,f01d8e1c-fe2d-49ae-a8c8-0ad0acaaaefd,status,ACTIVE
case,07d7d245-c8ed-4aaa-b677-1a26887aa87c,allocation_date,2026-09-03
case,12a40d91-5e4d-49b3-93c7-3c814c04a69d,allocation_date,2026-08-26
case,1cc30a7c-58d1-4ae8-8285-d02e6197090a,allocation_date,2026-09-03
case,20ab749d-4aec-4b7f-99f9-61ad189fa4c4,allocation_date,2026-09-03
case,338db969-9e42-4537-aac6-b7c5f0582bab,allocation_date,2026-09-03
case,34837a57-17c7-4ebe-a152-3cae876fe146,allocation_date,2026-09-03
case,0ef370e9-473c-471e-9645-03d35d440be7,allocation_date,2026-09-03
case,16950419-bf0b-46d4-98a0-7ca6980b606a,allocation_date,2026-09-03
case,1b025605-e86a-4edd-b675-5450ee339135,allocation_date,2026-08-18
case,34a83a97-bdaa-4b85-81c3-980fba9da7b3,allocation_date,2026-09-03
case,4a93d0b4-35ac-46e8-8ea3-6ba9b0afbc39,allocation_date,2026-09-03
case,50a0f4e1-2632-46b7-a11c-6a46537efab1,allocation_date,2026-09-03
case,5716d861-5833-4350-b34c-909162feb767,allocation_date,2026-09-03
case,24505bbd-5369-412c-8d9b-90c0c5b43bca,allocation_date,2026-09-03
case,5c60a22f-6016-4eeb-aa97-84ad3d246f49,allocation_date,2026-09-03
case,614dd4e5-b94b-4866-99ad-8613beef76ba,allocation_date,2026-09-03
case,7894476f-64f4-49e1-ad34-ac107cb31942,allocation_date,2026-08-27
case,78ae4772-c7d6-4306-a886-edcea5f4d51c,allocation_date,2026-09-03
case,22c5120c-7fcb-4cd9-b531-fdd0e84483b4,allocation_date,2026-09-02
case,4061ee12-be08-483b-a04e-c7654f4d23f7,allocation_date,2026-09-03
case,4988c57e-5ccd-439c-9a74-42d4ef6c88c6,allocation_date,2026-09-03
case,5b2cdbd7-5cba-4ff6-84c0-4653c18b82b3,allocation_date,2026-09-03
case,007b3fab-26d9-4836-a08b-194327dadcfc,allocation_date,2026-08-05
case,0a313444-d014-4a6c-bfb5-f4b770c585b3,allocation_date,2026-08-27
case,3faae8c4-8d96-403d-9c97-b2161f472733,allocation_date,2026-09-03
case,50664ed5-e23c-4ae7-b9a0-1f80ab19dba5,allocation_date,2026-08-25
case,7bc9127a-177a-463a-a613-6849e517fd09,allocation_date,2026-09-03
case,7e6a068c-81ea-4d8d-bfd9-5568ca5914bd,allocation_date,2026-08-26
case,8aa0d4d5-8fc4-4e03-adac-0832c46a801d,allocation_date,2026-09-03
case,007965d0-f49b-4a1f-a6e2-fbffa7b8dbc1,allocation_date,2026-09-03
case,0dd8e62a-6fed-4336-908e-830044c97213,allocation_date,2026-08-26
case,1aab570c-e5fc-422f-bfb5-a6bfed82dcef,allocation_date,2026-09-03
case,1f8f38a6-0cf9-43e7-be08-000be9317b23,allocation_date,2026-09-03
case,4c6b679e-314a-4506-9004-a064ec58d1b4,allocation_date,2026-08-05
case,0a2d819c-d811-402b-be4c-f2af86c8e8b7,allocation_date,2026-09-03
case,0dd4efa3-5313-45ec-b85d-9504b05b43ea,allocation_date,2026-08-10
case,332afbbb-18ee-46d2-83d6-49e69d38e111,allocation_date,2026-09-03
case,3ce440da-f98c-4b35-8540-6d3d1644aecd,allocation_date,2026-09-02
case,3ff85e97-29bd-4f1c-bf53-95d65a217064,allocation_date,2026-09-03
case,45b09bb9-2d54-4654-82bb-deb3abdcab07,allocation_date,2026-09-03
case,462f568c-f683-44be-bede-6e57708992ae,allocation_date,2026-09-03
case,8af081b0-e835-41f7-a657-9335ed171df4,allocation_date,2026-09-03
case,8b928131-2349-4459-accc-358b5e77c242,allocation_date,2026-08-26
case,0f96fe04-53ed-4442-a955-c8cdac83f198,allocation_date,2026-09-03
case,2225f3bc-7cec-4e92-a285-e44e953ecfc9,allocation_date,2026-08-27
case,55a39202-8362-4b00-9d11-acdcb3f56056,allocation_date,2026-08-10
case,5a4a60b3-00df-4701-bccc-70ffba2d992c,allocation_date,2026-09-02
case,64fd2fa0-80cf-4900-af39-cf7caf06b4df,allocation_date,2026-09-03
case,7c0bce40-35dd-43b5-a38b-4e513d67651c,allocation_date,2026-09-03
case,8ecb6405-44a3-4dab-a70b-cb4acb71e1df,allocation_date,2026-09-02
case,8fa2a549-fa74-4fdd-9305-6119b67000e1,allocation_date,2026-09-03
case,2033f788-f8b5-4024-ba05-7e83ce1c9975,allocation_date,2026-09-03
case,2ab6888c-e118-4e62-9d93-1244fdd3d1c5,allocation_date,2026-09-03
case,3b4a38c3-6651-4713-9337-fa2649890b79,allocation_date,2026-09-02
case,3d6aefac-5b91-482c-b033-e11f15822263,allocation_date,2026-09-02
case,6b659a39-299e-4211-b712-a674528001e4,allocation_date,2026-09-03
case,908078f5-9d44-4242-9e59-2a8d76ec932d,allocation_date,2026-09-03
case,931e4d55-27ca-45c5-bf0a-2004e805c490,allocation_date,2026-09-03
case,93545374-d9a6-4842-ab1d-bd6980b81ed9,allocation_date,2026-08-26
case,95eaada2-57b3-44c7-8a13-a901d665fe57,allocation_date,2026-09-03
case,97fdbebe-896b-4dbe-8465-234874742028,allocation_date,2026-09-03
case,9f187eed-ad0e-401a-afb0-7d1b71fda30b,allocation_date,2026-09-03
case,9fb225f3-97d7-45d6-963d-6743a14603e0,allocation_date,2026-09-02
case,03442767-a380-4dfb-a075-1f8ca0ab4778,allocation_date,2026-07-29
case,0cd4bee2-44c5-462d-94aa-f521702e7c90,allocation_date,2026-09-03
case,0ee1e443-93f2-46f6-996d-918d51b95e95,allocation_date,2026-09-03
case,a0c954b0-a65a-4722-8877-b5fd20a455ca,allocation_date,2026-09-03
case,a234277b-a259-4bf7-9559-bcba54112280,allocation_date,2026-09-03
case,a3e3d0c4-7c57-43d7-b44b-97706b1fb4f8,allocation_date,2026-09-03
case,a6ec0231-d847-4053-b2fc-0e7cbc5fb83c,allocation_date,2026-09-03
case,ac3b168c-a835-406d-a7c0-133833186e2b,allocation_date,2026-09-03
case,aec51496-5e60-4d0d-82cc-e74bc7dd32fb,allocation_date,2026-09-03
case,b0817725-39e4-401a-a69e-b9734187d920,allocation_date,2026-09-03
case,b471bba1-d71a-4e92-b3a9-df72eecc22ee,allocation_date,2026-07-31
case,8152834f-5dae-412b-bb14-0438ec5b69a0,allocation_date,2026-09-03
case,b56e7872-3079-4584-b897-046f39204e79,allocation_date,2026-09-03
case,b6e0928e-3777-46f1-928b-2fd669d045b6,allocation_date,2026-09-03
case,ba361b08-fc6e-4055-b010-b4addbd74044,allocation_date,2026-09-03
case,bc20a3b3-87a5-441f-8eef-875fa6a96b3d,allocation_date,2026-09-03
case,bc77091b-e9cb-4ac9-89f6-12952c491e2c,allocation_date,2026-09-02
case,be62b223-b46d-40a3-af2a-9c41a76176d2,allocation_date,2026-09-03
case,bf53f306-7103-4f5d-adaa-77fbd08920cb,allocation_date,2026-09-03
case,bfb9ea3c-2590-44da-b365-d46a3cdc48c5,allocation_date,2026-09-03
case,c225c89c-2247-40a6-9d26-a44dc94f1a53,allocation_date,2026-09-03
case,40d91150-df8b-4994-886b-47b3c907138a,allocation_date,2026-09-03
case,23098913-3108-4799-a107-fb41b6c5df65,allocation_date,2026-08-27
case,733ec455-55c4-4cfb-b5eb-7ba264774c02,allocation_date,2026-09-03
case,840f0308-1ee3-47f1-8d0c-c2ab2fa4d876,allocation_date,2026-09-03
case,89561180-58c1-4cad-8d58-c9c0c3c4505a,allocation_date,2026-09-03
case,ab424df4-f91b-4d3a-bf7e-77671eab8c75,allocation_date,2026-09-03
case,c23d7d1b-c9fc-4cf2-b00b-da18ede676a9,allocation_date,2026-09-03
case,c2fcb94b-c282-41a1-b640-40d865fb9609,allocation_date,2026-09-03
case,c78b7fd5-3987-48bc-aaa7-d496b7edd83e,allocation_date,2026-09-03
case,c7bcf5df-0b3b-4ffc-a768-53ed82bac9e0,allocation_date,2026-09-03
case,04460e1f-47f5-4d30-b44c-0be05ea7991f,allocation_date,2026-09-02
case,0f11262e-46de-4a7a-9341-990db867dfa6,allocation_date,2026-09-02
case,155cc034-5ebd-434f-81a4-c8bd4239db88,allocation_date,2026-09-03
case,776b7f6d-ad1d-43a3-9b7b-8b59f9003813,allocation_date,2026-09-03
case,7e5d5916-19dc-4987-871a-2fd3e308e2ad,allocation_date,2026-09-02
case,a162b704-6a33-4df6-937d-52033ff4a5cb,allocation_date,2026-08-27
case,a9f60804-09fd-4777-90a8-de972b4484fd,allocation_date,2026-09-02
case,c82bc922-a062-4400-a475-fe15e721e62e,allocation_date,2026-09-03
case,caef9f74-2f06-4aeb-b672-b7f468b501ea,allocation_date,2026-09-03
case,cb2b92fc-05ae-4718-a5fa-614cf047f591,allocation_date,2026-09-03
case,210783f0-6af8-49c2-b0f7-a7e78544b732,allocation_date,2026-08-26
case,42bd6353-1665-4fd7-b5f4-9614bc753e15,allocation_date,2026-09-03
case,6e6d2afb-24ce-4273-8946-9b817857a3c5,allocation_date,2026-08-26
case,8c57bb80-5d4e-4478-85d8-0de77fa0cdd4,allocation_date,2026-09-02
case,93cc1d05-9926-43e1-b55d-a8d353d54a01,allocation_date,2026-09-03
case,d1483dff-17f9-45b3-a291-e57d854c32a4,allocation_date,2026-09-03
case,d14b16b1-6ba1-487f-bd9f-d61d7c369b0c,allocation_date,2026-09-03
case,01ae52c2-8c6e-4592-a38f-08732c8950f4,allocation_date,2026-09-03
case,2177bcc9-fb49-4931-ac5d-617b3df17159,allocation_date,2026-09-03
case,21b87ade-8289-4310-9bdb-2cc0b38250d6,allocation_date,2026-09-03
case,588628ab-10f8-4969-8f97-e8e1d0e2dd16,allocation_date,2026-07-29
case,6d08c32d-ae6d-4acb-aca1-b48e3be8c64d,allocation_date,2026-09-03
case,83339467-f1d1-4f90-abd9-c87c9ef445ab,allocation_date,2026-09-02
case,9ba59652-8be5-473d-a168-5293e492bddc,allocation_date,2026-09-03
case,b4ac78d0-3925-40ec-a355-16c7b92aeaec,allocation_date,2026-09-03
case,b72c320e-c3d0-4335-bbe2-60d640ac113a,allocation_date,2026-09-02
case,19cde866-4a31-4862-bd15-c59584585719,allocation_date,2026-08-26
case,54648463-acce-4159-9266-84cd8b8c5048,allocation_date,2026-09-03
case,6a2e77aa-9b81-4851-a2b0-32ce9584e463,allocation_date,2026-09-02
case,7742389d-f08c-45ce-a873-fcc09d250144,allocation_date,2026-09-03
case,7ea303b1-f01b-4927-a4e4-6c36e1431481,allocation_date,2026-09-03
case,c5e9df53-56d5-4409-b004-b12450b713b7,allocation_date,2026-09-03
case,04af600c-adbf-4aef-9973-fc17ce684dbf,allocation_date,2026-09-03
case,0df3d468-4961-410c-adf2-ceffea0d2936,allocation_date,2026-09-03
case,32171089-f235-47ac-a469-f548f9a6648c,allocation_date,2026-09-03
case,4d557c56-759e-4bd6-88b0-d16b1d296c19,allocation_date,2026-09-03
case,501a96e1-23b3-4ae8-8d29-c7b8c50011b9,allocation_date,2026-09-02
case,6b3b3c43-1097-435a-861a-928082df6ff3,allocation_date,2026-09-03
case,d4e4c522-e626-48b5-8558-d84d8ae45747,allocation_date,2026-09-03
case,d2b6e704-5ac5-45c1-b5cb-4a10ff082bd9,allocation_date,2026-09-03
case,d2d794a1-3672-45d6-ad51-a1ed39daed56,allocation_date,2026-08-27
case,d5347a0c-cd3c-46f2-a5d9-70c82abec616,allocation_date,2026-08-25
case,d57dea5e-a963-4383-9e0c-785c5f2f1699,allocation_date,2026-09-03
case,d65eede3-98ea-45c2-b7cb-ee89a83051b0,allocation_date,2026-08-26
case,d681c8ce-8090-4fce-b6d5-6f16ba776d0b,allocation_date,2026-09-03
case,d71c5dd8-8199-4430-a763-ad9c76ca11f5,allocation_date,2026-08-26
case,0720b646-7b32-49c9-ab53-3876a6324028,allocation_date,2026-09-03
case,85cb7dd0-18c1-494d-85f6-25b742f821a0,allocation_date,2026-09-03
case,d7dd11c7-feb1-459c-943e-df39efba0638,allocation_date,2026-08-03
case,da1f64f8-b9b7-4a03-b3cb-631070c68931,allocation_date,2026-09-03
case,dae56ea0-7ca4-4938-b5a8-5ccd8865f478,allocation_date,2026-08-27
case,dc05b7d2-2d28-4755-93e9-6f66050c5217,allocation_date,2026-09-03
case,dd1d5e99-3030-4e8d-9bbe-4577909d869c,allocation_date,2026-09-03
case,69d896cb-5932-408d-9218-8e30d2c25a34,allocation_date,2026-09-03
case,d742b556-ee96-48f2-abda-22632caa4e2f,allocation_date,2026-08-26
case,dd59d29b-4bd9-476f-9fae-75e5a5d1b921,allocation_date,2026-09-03
case,deaada1c-e6ed-49f7-9d1d-815e171c64e4,allocation_date,2026-09-02
case,dfc3b5eb-1a4a-438d-a0d2-523489d798a4,allocation_date,2026-09-03
case,e06fe636-8d76-4561-9e23-4af0e13d79ca,allocation_date,2026-09-03
case,e0ac4089-241b-4178-a797-e760590597a1,allocation_date,2026-08-06
case,e189709a-118e-43d8-895d-46c74f04c0c0,allocation_date,2026-09-02
case,e25d32ff-e3c9-438b-84b7-f21339d59898,allocation_date,2026-09-03
case,e2944314-a60a-4504-9072-027127c075b4,allocation_date,2026-08-26
case,e2ce08de-fbe0-428a-be32-9858ee09130d,allocation_date,2026-09-03
case,e464ec2c-fb93-4517-b0d2-d52f4401678e,allocation_date,2026-09-03
case,0de44ef5-b3a8-4f28-8079-059b5f4fae18,allocation_date,2026-09-03
case,2542c63e-9609-4a84-9c31-8db2975c0aba,allocation_date,2026-09-03
case,d3f3f443-1bbf-4e43-a503-4172654b54bf,allocation_date,2026-08-26
case,dbe687b1-68d0-41e1-a05c-6b8198bf2a6d,allocation_date,2026-09-03
case,e34137fd-e6c1-4393-a80d-40b5b302234c,allocation_date,2026-09-03
case,e3786997-9b28-4d02-8a35-e3d8dd695140,allocation_date,2026-09-03
case,e582a376-413c-4536-9794-19dd378390a4,allocation_date,2026-08-08
case,1cd98bf4-461d-464a-b46b-e31f42261d3b,allocation_date,2026-09-03
case,033f2440-fa40-4f9f-affa-b88536412d19,allocation_date,2026-09-03
case,0b1c4cbe-4a8f-4df9-bb99-ee02c91644f3,allocation_date,2026-09-03
case,1e6a6472-5ea3-4327-bbec-7ee1647aac70,allocation_date,2026-09-02
case,4e1884d2-56dd-4e27-be8e-3812627417f9,allocation_date,2026-08-27
case,535dc9cb-a1c5-4232-addf-fb6a3ad930c7,allocation_date,2026-08-25
case,5504ab5e-06e0-46fa-a8f9-7a5bd577d6d9,allocation_date,2026-08-27
case,58ae6edc-aa29-46bc-a8e9-a858ec5a0f79,allocation_date,2026-09-03
case,8e17b1ce-8791-4a5a-9665-0e63c6a71f6a,allocation_date,2026-09-03
case,6d91eb24-c44d-4f16-86a5-3bd86f382850,allocation_date,2026-09-02
case,72ceaf79-8f10-443e-8415-108e6e11cda1,allocation_date,2026-09-02
case,97d5c206-b198-4604-8d22-7f2bd260d47b,allocation_date,2026-08-26
case,bc2e2994-7024-4e3d-8d46-35a62f623827,allocation_date,2026-09-03
case,ccc5ccf5-bc0e-4f79-89f9-4e4adf3cd0da,allocation_date,2026-09-03
case,e7448c4e-3ccf-4f7a-a983-ecb733e8a376,allocation_date,2026-09-03
case,e80a94aa-0236-4aa8-a89f-20bdf14c0515,allocation_date,2026-09-03
case,eba1fece-176b-4f3b-b240-ca08a11c34e4,allocation_date,2026-09-03
case,ebdd0c9c-b635-4380-9020-3cb45cdd3e5a,allocation_date,2026-09-03
case,ebe27796-28a6-43df-96d4-2259a18e7d9e,allocation_date,2026-09-03
case,ec02cf30-b430-42aa-92a6-d943976866b1,allocation_date,2026-09-03
case,199c34c5-3e75-407b-a058-534a124d8398,allocation_date,2026-09-03
case,ee0c93b5-5ffe-4a1b-abae-8b626997dc68,allocation_date,2026-09-03
case,1c0da5ee-6603-45eb-b062-d5d1fde8f516,allocation_date,2026-08-27
case,8d1d0ca6-981d-461a-92f2-c4f81f8ca8e0,allocation_date,2026-09-03
case,8e777e14-0c0c-47c2-9127-67c8fe6fcd3f,allocation_date,2026-08-25
case,ed421789-3122-419b-a2c1-a759c3f05654,allocation_date,2026-09-02
case,ed669f1c-d700-4761-8824-fa4c4200f0d7,allocation_date,2026-09-02
case,197f73a0-ba74-47eb-952a-b22aa1993bdc,allocation_date,2026-08-27
case,4bbe7904-6f54-4e3a-a6bd-2cbf93ec7073,allocation_date,2026-08-27
case,982d3485-6d75-4d79-952f-fb316821e338,allocation_date,2026-09-03
case,a330951c-3198-4918-8e82-7e4d5ff559c9,allocation_date,2026-09-02
case,cc6a8b99-d32d-4f4f-993c-b2ae46c9b0f0,allocation_date,2026-08-26
case,d6e0e387-a749-4aea-9655-ec3b0722c66d,allocation_date,2026-09-03
case,eb4f218d-7ede-48fd-af7d-171361fd3dbc,allocation_date,2026-08-26
case,ee95f2ad-a914-48fb-90ed-1908e6ae946f,allocation_date,2026-09-03
case,ef52c8f8-deca-4213-8129-7f49fcba2004,allocation_date,2026-09-03
case,f0dafc7e-4014-4f52-9b70-8d885e3bf155,allocation_date,2026-09-03
case,0a82052f-30a7-4e30-a1df-7956741a99b5,allocation_date,2026-09-03
case,22d73459-dbc4-45de-b369-4c5e8f055256,allocation_date,2026-09-03
case,3c895d7d-bb6c-412c-8ffd-cd735c3a3d23,allocation_date,2026-09-03
case,48cc17b2-8f5e-4a71-9224-e9b3d3f3b19f,allocation_date,2026-09-03
case,8a823d39-0f0f-4eb2-84ec-4a101af856e6,allocation_date,2026-09-02
case,b2d48723-e8a6-4456-a5ad-ef6aa70c4a28,allocation_date,2026-09-03
case,f191ac71-5669-405d-b611-ded1c658990c,allocation_date,2026-07-29
case,f2d8a4c4-2b3a-4783-b176-ec1e22e9d595,allocation_date,2026-09-03
case,f30262ee-7550-4687-9729-cd61fa0e8479,allocation_date,2026-09-03
case,f3b859d1-89dd-4efd-a8db-4413db45751d,allocation_date,2026-09-03
case,f7af24f5-aeba-4868-b1f9-ec794bbca1f3,allocation_date,2026-08-26
case,0fe7cecc-f9f7-4f24-b0fe-e66b76150615,allocation_date,2026-08-26
case,3a3946fc-6af6-4425-8701-bef7882702a5,allocation_date,2026-08-25
case,4f6ee7d6-ce14-4e3d-9d39-439cfb5dbe71,allocation_date,2026-09-03
case,66023087-8bde-4b8f-a924-ae8e512c2178,allocation_date,2026-09-02
case,7299b004-4631-41c9-b7ed-a0731f95db4b,allocation_date,2026-09-03
case,8f232ce3-7ff4-47a3-9e19-ccb8cd576b0a,allocation_date,2026-08-27
case,dd0d71b0-726d-49f4-9b98-d9038f1d34a8,allocation_date,2026-09-02
case,1e5e4dd4-1e72-424c-b8b0-284a9c3b3d15,allocation_date,2026-09-02
case,44965e61-1bcc-4667-a06c-db2573241888,allocation_date,2026-08-27
case,7e014fb7-638d-45e1-8452-3f87b896cd61,allocation_date,2026-08-27
case,8bf712c7-ffb3-43a7-92d3-45c262290799,allocation_date,2026-09-03
case,a1f3d27d-22a6-4e71-bd40-e869083d9d8d,allocation_date,2026-09-03
case,d1ddcca9-c5de-4d00-a5b3-9d0bc91dac44,allocation_date,2026-08-24
case,e16d3600-2242-4fe2-9ced-beef90ea03a6,allocation_date,2026-09-03
case,0bd3f278-38f8-4e20-9960-385cd6684216,allocation_date,2026-09-02
case,1c835b8a-3fdb-4d95-83fe-512b15750a37,allocation_date,2026-08-26
case,20dc7a0e-bb49-4fd7-b54e-ded7d5c05d1a,allocation_date,2026-09-03
case,687c662b-de33-46e2-9ba4-072b54b1878b,allocation_date,2026-09-02
case,b7553d53-8838-4c1a-bd63-db527c05e978,allocation_date,2026-09-03
case,f87bc957-012e-43c5-bbcc-25b04609584f,allocation_date,2026-08-27
case,f90bc0ff-52c7-466e-8183-7c15bc337c2f,allocation_date,2026-09-03
case,f957f6c4-9ff4-42f8-a84b-1178a06615ba,allocation_date,2026-09-03
case,21c73e2e-1511-48ec-a91d-720066f8a198,allocation_date,2026-09-03
case,81a27a01-8a5b-4b9f-a0b6-d289220480dd,allocation_date,2026-09-02
case,caee1595-0e1a-4efd-99cf-2818c8c86334,allocation_date,2026-08-27
case,0027eac2-fbff-43d2-b5e6-182b1c592d33,allocation_date,2026-09-03
case,30837126-ce1f-49ef-8bc9-c7d8e85a56df,allocation_date,2026-09-02
case,6aaa775a-1485-4eed-a4df-9f14a4c2b89b,allocation_date,2026-09-02
case,86535b62-df6b-4425-b3cf-cef873a9ce57,allocation_date,2026-08-27
case,8e71049d-51b1-484a-9fc4-3aeb19f20939,allocation_date,2026-08-25
case,928a5663-d99d-46e5-bb35-bb2be4584e23,allocation_date,2026-08-27
case,d0b60cc2-1609-4be4-a5af-3b8cf472974e,allocation_date,2026-08-27
case,d1012402-fa11-4d46-af2f-d2e2e4dafd0e,allocation_date,2026-09-02
case,010963c0-2f2b-4141-a66f-90766e95e06d,allocation_date,2026-08-27
case,7e164cf7-adb1-4fc2-b798-e754091c0a2a,allocation_date,2026-09-02
case,84cf0e65-84f0-4d57-bf8f-74dbb3e22d5e,allocation_date,2026-09-03
case,94afb3e9-d0ad-404e-bc13-cf1654dc4ef1,allocation_date,2026-09-03
case,9e12f965-5f74-49df-b7f0-ea15d8258903,allocation_date,2026-08-26
case,cb0abc92-1503-478e-8b3b-3786454b0976,allocation_date,2026-09-03
case,d0ebad68-10d0-48e5-88f5-f0feb94c5dd7,allocation_date,2026-09-03
case,4925d180-0d94-49fd-80ab-22dbcb5475f5,allocation_date,2026-09-03
case,a91b2719-8e08-4b6a-80dd-211650b9c023,allocation_date,2026-09-03
case,abbcc397-4f17-466e-9ab9-cda86c3cb54c,allocation_date,2026-09-03
case,d0e4dca5-a091-4e5f-ab0c-2fc1540559dd,allocation_date,2026-08-26
case,e79173a3-7af4-4665-877d-445bc545da1c,allocation_date,2026-09-02
case,f95e4162-8c63-48c2-bcef-d6b689ae8aa5,allocation_date,2026-08-27
case,f9e52765-4052-431b-96b8-5e8f9046e2cc,allocation_date,2026-09-03
case,fb3407fa-7c1e-4725-8e63-f7fdf4e73b1f,allocation_date,2026-09-03
case,fc40f146-0bfe-468e-b2a8-65b08be8ab39,allocation_date,2026-09-02
case,fc5ba9da-92fb-4297-a5ba-5f8cbca733cf,allocation_date,2026-09-02
case,fc5fe2fa-9b0c-4341-b09f-f052b7726345,allocation_date,2026-08-26
case,29b521d2-e392-4ce5-adb0-6cb9847d0d20,allocation_date,2026-08-26
case,78c7b9f9-94af-4b38-a167-309f34228897,allocation_date,2026-09-02
case,8fad95dc-2d26-4086-ac8f-c42f5ee62269,allocation_date,2026-08-25
case,d96c5d4e-68b7-4e0d-93a9-508bab058069,allocation_date,2026-09-03
case,fc74bf9e-b236-4cd9-b3e5-002e72da0ad6,allocation_date,2026-09-03
case,fc79a74a-122a-47ac-abb0-46de96b74cdc,allocation_date,2026-09-03
case,fc9f191e-ec5f-4aba-abbd-09216c6daee0,allocation_date,2026-09-03
case,11f174ec-baee-4918-baea-69c1d0584104,allocation_date,2026-09-03
case,42f15e58-ddf0-4c48-8ea1-0535496c0151,allocation_date,2026-09-03
case,457f2b6f-b46e-4a58-abf3-d1b5faec2835,allocation_date,2026-08-27
case,58cfa0ea-7663-494d-8175-9fc3b06218b2,allocation_date,2026-09-03
case,36650bd1-675d-4d69-9157-e61cd7802849,allocation_date,2026-09-03
case,2838c047-7849-4c99-9b47-060632b896ac,allocation_date,2026-09-03
case,77108090-99d5-419c-b997-9300a4bab952,allocation_date,2026-09-03
case,894aaf98-a5bf-4a1c-a336-49b8c1996dde,allocation_date,2026-08-25
case,8a36f96b-19d3-4e6f-a1c5-9c0c4a4f3dd4,allocation_date,2026-09-03
case,a961c4cb-299c-4776-89da-bacf7f957e06,allocation_date,2026-09-03
case,cf77428d-5a65-4f22-b553-fcacb366209c,allocation_date,2026-08-26
case,58d84a6d-0aaf-47a2-bd89-8902658beaa9,allocation_date,2026-09-03
case,707e39ac-161d-4c00-8816-e1b2db4970e9,allocation_date,2026-09-03
case,87ad8c46-9630-4b00-9b77-052d44fe8a9c,allocation_date,2026-08-27
case,c245f003-4dbd-410e-a7b9-9aeb03ff53b2,allocation_date,2026-09-03
case,cb823cd9-42bf-4b15-925b-98c916e86f58,allocation_date,2026-08-25
case,cca1f0fd-4df0-4748-a81b-22e081eb43ed,allocation_date,2026-09-03
case,040d1b3e-b365-4dd1-943e-eaeb1e543898,allocation_date,2026-08-26
case,13871b39-d123-4a16-a6f2-1a6823e94358,allocation_date,2026-08-25
case,66a60730-c389-4b71-82ce-e56283b99fae,allocation_date,2026-08-27
case,7d320cac-116a-4fca-91e3-21aeb3e7b44e,allocation_date,2026-08-25
case,98678a95-03c8-4eb5-914a-e4d53dfeb0dd,allocation_date,2026-09-03
case,cde5571d-2f58-4bcc-8850-76a91602e0a6,allocation_date,2026-08-27
case,d07825db-d43c-479a-ba05-bcb371149f3d,allocation_date,2026-08-26
case,61005b5b-3bba-4b7f-85bc-8d8e36d7c71b,allocation_date,2026-09-02
case,7021452b-ac8d-43df-a12b-261c28d4a06f,allocation_date,2026-08-26
case,72bdd4c1-d2b7-453e-8b18-44d4e38a3efa,allocation_date,2026-08-25
case,7de5dca0-befd-411c-b810-4feca8cee150,allocation_date,2026-09-03
case,7f1013df-c0da-4abe-b60c-9a468a1dbc95,allocation_date,2026-09-03
case,42d121da-cc66-42cb-918e-5bc22b52c2ab,allocation_date,2026-09-03
case,52e7d0de-171d-4d89-9781-0ff4a0c67269,allocation_date,2026-08-27
case,7110942f-0ba7-407d-a4c3-1412d18426d3,allocation_date,2026-08-27
case,24711dfc-e44a-4132-8071-79e36e413a13,allocation_date,2026-08-27
case,5542c577-a403-47fe-9845-b909c80ee1b9,allocation_date,2026-09-03
case,6acd4cae-7cf1-4909-83a3-9e95b85daa9b,allocation_date,2026-08-27
case,85858dd3-a720-4de0-9f80-d4be45351430,allocation_date,2026-08-26
case,a4dd6f6f-932e-44d6-96e9-61c68ec94155,allocation_date,2026-08-27
case,a4e78773-773f-4229-b881-503c2b15a749,allocation_date,2026-09-03
case,e2267c0c-144d-415f-99ae-410faf7f070c,allocation_date,2026-09-03
case,0835bfa3-c594-4b5c-bcfa-abdc7dddabec,allocation_date,2026-09-03
case,1099fce0-96c6-40f8-942d-d9b5b998c8e3,allocation_date,2026-08-27
case,30c35475-ed2b-4036-a826-44d3b264f5bb,allocation_date,2026-09-03
case,83964713-95e2-488d-8034-b75744c78c1e,allocation_date,2026-09-03
case,4137aacf-3645-4113-ae8b-fd76bdc93055,allocation_date,2026-09-02
case,714085f0-81e2-490e-8294-4d997ffcf6e3,allocation_date,2026-08-26
case,84e417ae-38a6-41a5-b755-cedc0eadf9c0,allocation_date,2026-09-03
case,8a0e2eff-0848-4a01-b93b-a8fce2ce2f9c,allocation_date,2026-08-27
case,9b929523-5e83-4d44-bc3c-bf621abee8df,allocation_date,2026-09-03
case,a6523406-7495-4e41-b1e5-0d38859cb75f,allocation_date,2026-08-26
case,002c11d7-f3cf-43c9-ab60-8b7f102da1d8,allocation_date,2026-09-03
case,0dcbdcf7-94d5-4e0e-9783-aa99e78e017d,allocation_date,2026-08-25
case,3403140c-55c9-4a00-8f90-b0db0ed5417e,allocation_date,2026-09-03
case,37084f7a-c7dc-443b-a469-d5b8199b2a4e,allocation_date,2026-09-03
case,3f5ec6fd-8033-4390-8954-85546d6acc7f,allocation_date,2026-09-03
case,4855d7b0-7acf-4756-9f34-41e0e9461c2a,allocation_date,2026-08-27
case,65f53b7f-f072-4528-a02d-8f36380cb68d,allocation_date,2026-09-03
case,7331a6e0-df5e-4d88-adca-c2be5ff98d08,allocation_date,2026-09-03
case,229ea2ae-b64d-4bc1-8f28-16e087544a0b,allocation_date,2026-09-03
case,26cefbee-92c4-4c5b-967b-bf2ad3ede143,allocation_date,2026-09-03
case,434f104f-2837-4e38-bfb2-4f6542716c53,allocation_date,2026-09-03
case,4c49d03f-12db-465c-a124-730c4533b75a,allocation_date,2026-09-03
case,86edfc70-8ec2-4112-8fcf-feee239e973a,allocation_date,2026-09-03
case,aa4e988c-32f0-439a-b262-1814bc3720df,allocation_date,2026-08-27
case,dd0aa156-1c6f-43eb-9f3d-82b10db23aa4,allocation_date,2026-08-26
case,f17a4229-7277-4ca7-8e0f-78166ba02f30,allocation_date,2026-09-03
case,26347393-051a-4f58-9258-a0b6b1b47360,allocation_date,2026-08-27
case,40801635-e02d-4323-9a5b-8381d613555b,allocation_date,2026-09-03
case,8731769b-8548-42c9-a7df-31767b32cebd,allocation_date,2026-09-03
case,939dd91b-ef27-419b-a94e-1581e7a0b98a,allocation_date,2026-08-27
case,b8229b8e-ad88-42eb-a6a5-3bad34066859,allocation_date,2026-09-03
case,c57fa3a0-9f9a-4034-850b-708d4091f181,allocation_date,2026-08-27
case,3d6f3ec1-6eca-4bf6-86e7-a280a4b09ba5,allocation_date,2026-08-25
case,5d4c1ba5-0ee7-4a62-ba5a-31a809e30c5f,allocation_date,2026-09-03
case,6a22de15-0fec-4967-9bda-1224814a439f,allocation_date,2026-09-03
case,96b2ecd7-e6ea-4112-af9d-af196d60c693,allocation_date,2026-09-03
case,b90a0302-1673-42d6-a484-0b5bc486f01f,allocation_date,2026-08-27
case,f1a6b125-9436-490c-b7e7-8e795219910e,allocation_date,2026-08-26
case,58dc883f-2557-43f5-ad16-d57ab937894a,allocation_date,2026-08-26
case,80f5c6a0-0ebc-456b-b9dd-d9f9481b96c7,allocation_date,2026-09-03
case,9b6a6612-0467-4542-8742-767cc7d146ab,allocation_date,2026-08-26
case,a2e9c642-b032-4b68-bc31-c4484e11410c,allocation_date,2026-08-26
case,c51f6563-5046-42bb-bf26-f184cf0117b1,allocation_date,2026-08-26
case,c575af07-94bb-4d63-bfb2-b948d3f6c44f,allocation_date,2026-09-03
case,c6916708-ef92-47ea-ace7-dafececb3f8d,allocation_date,2026-08-27
case,cb2aff7e-8a25-4539-b666-eb2ee3cd72bd,allocation_date,2026-08-25
case,03aa1f4a-1b3a-48e9-af7a-31998ff0502d,allocation_date,2026-09-03
case,0a76aae6-22f3-4ad9-935f-90bbfb3e0619,allocation_date,2026-08-27
case,1484c2d5-18ee-4af6-88c4-26cd52210993,allocation_date,2026-08-26
case,32a8c32d-7900-41c1-8d25-c4cb0f69e4d1,allocation_date,2026-09-03
case,7e11458d-c812-46e8-af48-d562d3b7d4a6,allocation_date,2026-08-26
case,84fc47d7-5436-4a7c-8322-8e396301c34e,allocation_date,2026-09-02
case,87d59810-fe9a-4652-ab81-81c3f3b520fc,allocation_date,2026-08-26
case,92fd067c-7181-4425-9ede-646dc6a10d0b,allocation_date,2026-09-03
case,e6b0feef-4ece-4716-8339-b9130ed25df1,allocation_date,2026-08-26
case,005c52e5-8036-448d-8886-d0a5b16f0f59,allocation_date,2026-09-03
case,0b5613f3-4573-48dc-827a-9e62be9e700e,allocation_date,2026-09-03
case,34f3a5ea-99d1-48df-a34f-dc3e858ca7a9,allocation_date,2026-08-27
case,4e425530-fd04-49ef-881b-32ceb1e29975,allocation_date,2026-09-03
case,842412e8-15a4-4d91-9029-0234aa59abfd,allocation_date,2026-08-27
case,89f8b248-8afd-4a94-beb6-49f6c3754d45,allocation_date,2026-08-26
case,8a28733a-81f2-4573-bf50-b4c6edba785b,allocation_date,2026-08-27
case,be17e49c-000f-47f9-ab77-041d069a8b56,allocation_date,2026-09-03
case,c2419ff6-af1d-4cc0-bc6e-0c25860b1f41,allocation_date,2026-09-02
case,ec2d0174-395e-49ac-ad5e-65ed540f361e,allocation_date,2026-09-03
case,fe9878c9-fb26-4b84-8124-952f04706816,allocation_date,2026-09-03
case,139f3990-f0c5-4327-9d7b-698ae5e23033,allocation_date,2026-09-03
case,277a9da8-811c-4ca5-85cb-f8a559a10c65,allocation_date,2026-08-26
case,4af9921c-9c9a-48e4-be92-a91fda622f2b,allocation_date,2026-09-03
case,8b280147-6af2-4e13-a908-6a2f86128349,allocation_date,2026-08-25
case,966b3a4f-c1ca-427e-8c76-d394ca8bd8d3,allocation_date,2026-09-02
case,b71d3bd8-3f3d-46d1-8582-16b013a8d03d,allocation_date,2026-08-26
case,ce4fc42a-0193-4857-b8b0-5e0d22d93fe6,allocation_date,2026-08-27
case,11a9c6df-ad17-4697-a827-b3ff241e4530,allocation_date,2026-08-27
case,2fc06593-4740-4714-bf33-b3e7b2620054,allocation_date,2026-08-27
case,394352eb-40dd-4a95-b7a1-5fb46e6ebd74,allocation_date,2026-09-03
case,81a526e2-3990-4e09-b07a-049b311b4072,allocation_date,2026-08-26
case,9a89d221-937b-4e5c-8e56-86cc5261a4c7,allocation_date,2026-08-25
case,a02c182c-26e0-4a15-9618-c8ba98a3ac46,allocation_date,2026-08-27
case,b44d9845-a110-4fd3-b29f-772af0ac4fec,allocation_date,2026-09-03
case,f7e9d62a-7578-4e24-97e8-7c5be5cb42ac,allocation_date,2026-08-26
case,1cb3d96c-5888-432c-870e-714507269363,allocation_date,2026-08-27
case,4df45b7d-97fe-4dd8-a401-1084b36d43f1,allocation_date,2026-08-27
case,9185b404-ac2f-4b3f-89aa-2a9952df16fb,allocation_date,2026-09-03
case,9b562759-5c7f-4aeb-be8c-8ce8dd68c330,allocation_date,2026-09-03
case,baa0a3d6-2ed5-4fd1-8508-46116e9cdb3f,allocation_date,2026-08-27
case,ccf5cd35-5af5-476b-940c-5d0361b945bc,allocation_date,2026-08-27
case,d0f3d701-d1e0-460e-a589-4653472a491b,allocation_date,2026-09-03
case,29dc3255-867e-47ac-9b60-7d27a7ae5c41,allocation_date,2026-08-25
case,617a7a6a-7b62-4af9-bd79-cd6932dd4c0a,allocation_date,2026-08-27
case,7189b075-fd87-436e-a892-46976aa6bbd1,allocation_date,2026-09-03
case,ac66f7cf-ee61-4c97-9db9-2ef6e35facbe,allocation_date,2026-09-03
case,cce14ef2-1448-41bc-9117-373666b41230,allocation_date,2026-08-27
case,e0efa5dc-8c0c-4d42-b51d-1596aee20ed8,allocation_date,2026-08-26
case,e1eb91ff-80da-4ec0-b126-653fa4c16477,allocation_date,2026-08-27
case,e7bb8d0f-57fd-475f-a8c2-277932b8cc07,allocation_date,2026-09-03
case,42179948-c504-4a0e-bd3d-d63ac011fc03,allocation_date,2026-09-03
case,4d76689b-6d37-4f34-bdcf-0365937ea1de,allocation_date,2026-08-25
case,8a6a5a70-6690-497a-b5c3-315b5ad7789f,allocation_date,2026-09-03
case,947b56de-3e5a-448c-bd3e-d4644010c6d9,allocation_date,2026-09-03
case,97639cbb-962c-4c74-b331-0a695b556ef1,allocation_date,2026-08-26
case,9a6b964e-872e-4f11-aaab-5169a8ec8d53,allocation_date,2026-09-02
case,0e41dbcb-ffc9-4af3-961c-c81f66f4d3a6,allocation_date,2026-08-27
case,28fe9219-d650-493c-8599-9d6b612d5586,allocation_date,2026-09-03
case,3453e14a-d97b-4a57-a664-99abe04c98b7,allocation_date,2026-09-03
case,36ce7c7b-b3e1-46f2-8ad1-75f73879c325,allocation_date,2026-09-02
case,572d8401-b7ad-463e-a567-1de62fac03f2,allocation_date,2026-09-03
case,5c4e3b90-070d-4e8f-a66e-fe3b1a759d80,allocation_date,2026-08-27
case,69f3815e-7a65-4036-bb6f-cc51adf67f2b,allocation_date,2026-09-03
case,a7430508-cd1f-4fa1-ac5a-ac37aaebaf92,allocation_date,2026-09-03
case,afe616d9-16c5-4bd2-b6fa-774fae54c02c,allocation_date,2026-09-03
case,a3da8514-f1a1-401d-bcb4-62c525e9f52a,allocation_date,2026-08-26
case,da9743fb-702a-448b-8375-be2599014784,allocation_date,2026-09-03
case,e77a9c4a-5d98-40f8-8572-65675453547a,allocation_date,2026-09-02
case,1cae2c8d-360a-47f3-9e06-5e0bf5b09470,allocation_date,2026-09-03
case,2b3fe190-52e9-4307-bca1-7484d97e10de,allocation_date,2026-09-03
case,2bf297de-d5b2-4964-94bc-e67b9dcdef2b,allocation_date,2026-09-03
case,465bbd5c-6bf0-4c97-92eb-cb0d54da4747,allocation_date,2026-09-03
case,5ca900a1-476b-4590-966a-61c7b16363fb,allocation_date,2026-09-03
case,8fde9f37-749a-47d2-87f0-7fa71c1892fc,allocation_date,2026-09-03
case,9044e2bd-36b2-42f2-b7b7-e461935fa985,allocation_date,2026-09-03
case,1c022ea5-644b-4107-921a-065c6303d789,allocation_date,2026-09-03
case,be420060-4b66-410a-a747-e88a79e18205,allocation_date,2026-09-03
case,e4d46194-2b0e-4660-8eef-00dd32a4f522,allocation_date,2026-09-03
case,15e421fd-18ab-4223-a21e-3e66c3946339,allocation_date,2026-09-03
case,4cd6c121-79c6-4c9e-9b92-2572d136b91e,allocation_date,2026-09-03
case,73a72a08-c1b5-4ea1-9cd4-86f5753fdefc,allocation_date,2026-08-25
case,75e6815e-2b2e-4154-a00e-c537a2cad08a,allocation_date,2026-09-02
case,4ca20273-3446-471e-87b6-c3d1a0175151,allocation_date,2026-09-03
case,5c3011de-a1ea-4b75-a929-a5f531af11c1,allocation_date,2026-09-03
case,c066956e-1c3c-4e98-9da7-9d9410edf3e7,allocation_date,2026-09-03
case,c721b712-1ed7-46f7-a0c7-344db42d0bce,allocation_date,2026-09-03
case,ce5b2708-b882-4707-9eb4-09c2bb1cc04d,allocation_date,2026-09-03
case,d8efd69e-760a-40ab-b5a6-4e1983d9a571,allocation_date,2026-09-02
case,da07f1f9-34df-4388-b0a1-67fe02530aa8,allocation_date,2026-09-03
case,e1ced437-5690-4273-87b2-869495f5e1cf,allocation_date,2026-09-03
case,feae20aa-4519-4755-ad34-77b819c7298f,allocation_date,2026-09-03
