feature,type,n,missing_pct,unique,mean,std,p1,p50,p99,mode,mode_share
cibil_score,numeric,40604,13.81,450,626.2629,76.7388,453.0,626.0,804.0,,
sanction_amount,numeric,40604,0.0,472,77342.2569,92677.8871,15000.0,46000.0,464000.0,,
emi_amount,numeric,40604,0.0,4094,2211.8765,2174.6183,333.0,1528.5,10940.0,,
tenure_months,numeric,40604,0.0,10,63.9846,64.3326,12.0,36.0,240.0,,
interest_rate,numeric,40604,0.0,1704,14.3793,4.3881,7.0,14.62,23.78,,
months_on_book,numeric,40604,0.0,248,25.1524,34.7213,2.0,12.0,179.0,,
is_secured,numeric,40604,0.0,2,0.3318,0.4709,0.0,0.0,1.0,,
dpd,numeric,40604,0.0,483,104.0147,80.201,0.0,90.0,347.0,,
outstanding_principal,numeric,40604,0.0,19257,51845.0445,74836.6739,2156.8,27061.0,361132.815,,
overdue_amount,numeric,40604,0.0,18027,9583.4398,13137.2764,531.0,5609.0,61461.14,,
penal_charges,numeric,40604,0.0,1660,236.6372,333.3902,15.0,138.0,1509.97,,
total_outstanding,numeric,40604,0.0,39015,61665.1215,80140.8785,5424.2135,36043.5,391453.9465,,
arrears_ratio,numeric,40604,0.0,9383,4.2967,2.6515,0.916,3.833,12.2279,,
penal_ratio,numeric,40604,0.0,468,0.0057,0.0061,0.0003,0.004,0.0279,,
outstanding_to_sanction,numeric,40604,0.0,995,0.6431,0.2628,0.076,0.686,0.991,,
paid_ratio_3m,numeric,40604,0.0,991,0.2183,0.274,0.0,0.08,1.0,,
paid_ratio_6m,numeric,40604,0.0,994,0.238,0.2653,0.0,0.138,1.0,,
paid_ratio_12m,numeric,40604,0.0,994,0.2463,0.2622,0.0,0.157,1.0,,
days_since_last_payment,numeric,40604,0.0,470,88.4103,78.4577,1.0,67.0,335.97,,
visits_3m,numeric,40604,0.0,4,1.4253,1.0863,0.0,1.0,3.0,,
visits_6m,numeric,40604,0.0,7,2.1242,1.7799,0.0,2.0,6.0,,
contact_rate_6m,numeric,40604,0.0,14,0.5058,0.3279,0.0,0.45,1.0,,
days_since_last_contact,numeric,40604,0.0,424,67.2691,63.225,1.0,49.0,294.0,,
distinct_agents_6m,numeric,40604,0.0,5,1.2529,0.533,1.0,1.0,3.0,,
ptp_set_6m,numeric,40604,0.0,7,0.4537,0.7218,0.0,0.0,3.0,,
ptp_kept_6m,numeric,40604,0.0,5,0.1293,0.3816,0.0,0.0,2.0,,
ptp_kept_ratio,numeric,40604,0.0,9,0.429,0.271,0.0,0.5,1.0,,
age,numeric,40604,0.0,50,38.2152,9.6649,21.0,38.0,62.0,,
loan_type,categorical,40604,0.0,8,,,,,,PERSONAL,0.253
dpd_bucket,categorical,40604,0.0,5,,,,,,NPA,0.4644
city,categorical,40604,0.0,5,,,,,,Delhi,0.3002
employment_type,categorical,40604,0.0,5,,,,,,SALARIED,0.4451
branch_code,categorical,40604,0.0,18,,,,,,BR015,0.0611
