id,mode
07f57e39-854e-451a-a7ec-d2f7fadc2361,ONLINE
0bc2ccad-2210-444b-8519-73ff863369bc,ONLINE
1351b265-a00d-43df-9f9b-667a97fd7eea,ONLINE
1918fcdb-af9c-480f-ba19-6d90cbc19914,ONLINE
1eeb1dfe-52f5-47bd-accd-70ef8a57841e,ONLINE
1f0ce6e8-bb57-492a-86b2-a37d3faf7cd4,ONLINE
1f570191-5359-4776-931f-b48e9e5f604a,ONLINE
1fc860b1-a030-48b7-a7e9-58c90692f40e,ONLINE
21ea9290-d3a8-4dad-8b2d-6905d8a06123,ONLINE
220bbf81-b9da-4dc0-b97b-291747214a97,ONLINE
220bf956-f624-4fe9-a937-ee629c1e32d4,ONLINE
24888209-424d-430a-bcc1-7c65a7662160,ONLINE
262c1649-1700-4055-85e0-b2f7e0fab315,ONLINE
26f11a42-2225-4fb6-a51e-c52285b427e1,ONLINE
2d6e6989-d5b9-4c88-aab3-8e29e710e1a8,ONLINE
2f905a49-5834-4cd0-9cd1-da92bf69dd1a,ONLINE
311873f1-f94e-41d0-a804-46551fbd15f2,ONLINE
33b67705-c80c-4eaa-b214-4e094baf10c9,ONLINE
355d4bc6-44a8-4a10-ab79-9d853b61ca00,ONLINE
357db551-03c9-4501-a1cf-425c3b1fe36b,ONLINE
373c96d4-cd69-4cbf-9048-45fde29957e1,ONLINE
37a7342d-24cd-4373-ac53-5ca8132d5499,ONLINE
37b116e7-2bf6-4901-a395-0df81af19eff,ONLINE
3aa62dbf-e9ef-47f4-b535-c941255a2c3f,ONLINE
3cbccfdd-2030-47dd-9bd8-e1cf51098df2,ONLINE
3e496a3b-ff80-4f96-a8d6-3bb30c62c7f4,ONLINE
41243c23-f8fd-4a43-8bc9-62f82af1168c,ONLINE
4304331a-7bec-4dcb-8aee-58ef13406d93,ONLINE
486e3999-4d65-4ca5-826a-b930aa11767f,ONLINE
4bb65b96-0e22-49d6-9c5c-9a5d55e9d8f4,ONLINE
4d10d683-af58-4c23-a6a9-402fe62be168,ONLINE
4d643eb2-8432-4f12-b693-0768b9ffd137,ONLINE
4f1d7d92-3b4e-4e29-8534-5ffd8d18a72e,ONLINE
4f59e432-591b-480b-86d3-3d70a4c51897,ONLINE
56c6ee5a-d986-4314-b5f8-b82c7f042040,ONLINE
5721395b-7a23-499e-b4c1-26292041de9f,ONLINE
5737747a-2df1-4c8a-97a6-99d3e842c72d,ONLINE
57cfa86c-e843-42d9-b28f-c80b25717188,ONLINE
5b930666-d7aa-46bb-8131-13601a927c63,ONLINE
5beabf8c-dd7a-4221-a41e-29767a0684a6,ONLINE
5d3380bd-c6e8-4473-bc5e-2661027928f5,ONLINE
5d3f3e92-3108-466a-b125-b6b2b061c1c0,ONLINE
60121db6-ddca-45ce-9e5b-68385d9abb81,ONLINE
6127f3ef-b6e8-426a-90c5-2e0b79c2d415,ONLINE
63484f1e-e921-4056-ad99-64d208d13477,ONLINE
64737313-087f-4b99-94fc-16d99584f2d7,ONLINE
65264882-98ce-4243-b229-060b7cfa2ea3,ONLINE
66bfd520-3a9b-413d-b9db-4305b9a2ffe1,ONLINE
66f12058-695f-4ef8-8ca4-b946b5cae003,ONLINE
66f40249-3e70-4198-b972-00e88f476a3e,ONLINE
67af2d7c-9a2f-4659-b7c0-f611a52f996e,ONLINE
68269c5f-2cab-46ce-bf06-2a8bbbe231a9,ONLINE
694c1b48-31d8-44b5-bff9-e71321e416f3,ONLINE
71333cf0-2e96-4c14-ba3f-86a7a1c8cfeb,ONLINE
74703afe-4f15-4154-ae3a-8154bd308db4,ONLINE
74fd5d69-fdb2-4a7e-8083-c8792725bb14,ONLINE
7844f03b-66f3-4cfe-b665-398df96a05f9,ONLINE
80da3055-8785-47f2-b97e-5bb0388cb95f,ONLINE
822bcd50-8ac6-4a09-9f46-16a9cfd35120,ONLINE
83629aff-e37f-4a21-9fdc-98d5703bc351,ONLINE
837b8d6c-e15f-4af0-aa3b-59730ef554d9,ONLINE
8537fe2c-bbfa-45f5-97f5-06803ac3a9bf,ONLINE
87534ec7-3f84-4fa6-888a-f0c144eeb1e6,ONLINE
87946703-9957-4731-ae3c-959ce36e5d08,ONLINE
88df0880-eed1-4297-b104-6a73dc8c7a5f,ONLINE
8d5a6ea8-b2e5-44e3-aeb5-444c3ee9efa7,ONLINE
8ee7175d-8c76-49d6-9836-a6b404874a6e,ONLINE
8feaac8d-a544-498a-b704-b4418ce5d0b7,ONLINE
9064e34d-b0d7-44cf-8c2f-bf8c095d24f5,ONLINE
91ec0d42-48a6-4e0d-ad22-5b2b52032904,ONLINE
931c9591-9d84-4dc5-921d-3dd0c54db353,ONLINE
976a7038-dafb-4ac4-bfdb-ef10fbab35fd,ONLINE
984d0094-5d2d-42c5-ac61-e632e56c0cc9,ONLINE
9942b185-c188-4226-9e65-56fcd1c6ebaa,ONLINE
9a14c0ca-2e3e-4c4e-b9f5-e5b287a8013e,ONLINE
9a4efdcf-1e62-4df8-97ed-e7da0bde0240,ONLINE
9b084331-9f48-42e9-b28b-3f803ffd24d2,ONLINE
9d8abcce-d137-4693-96ac-81d18eb94c15,ONLINE
9d94c428-6b5d-4624-98af-98275e857c5c,ONLINE
9e70e6ba-2618-43b5-9f6c-9700f1fcc542,ONLINE
a465104a-71c0-4770-806e-37c891200287,ONLINE
a5c29552-c30a-4837-83ce-9500884b533f,ONLINE
ab807b44-c8d1-4708-a19f-07a812ccb5d6,ONLINE
ad3daffb-4d14-410f-a25f-95f072e8a321,ONLINE
ad9000b7-d2c8-442e-8746-71e64f0c5da9,ONLINE
ae9242f0-937a-4161-8de5-1423484214ce,ONLINE
afce2d2e-a78a-4adb-811d-5122080a2f5c,ONLINE
b0c9dabb-db59-4d10-8120-eb6e4a174ac5,ONLINE
b443f779-e465-45c2-8519-c5820ffa38c7,ONLINE
b99cf287-c8d5-4b5c-968d-3d7e2409062b,ONLINE
bda49937-3f9b-4496-bc05-748eb4d24ca7,ONLINE
be9a5617-ed63-4c62-9e58-f7260896f15b,ONLINE
bf837a30-5609-429b-a8be-a0d8d1da93e0,ONLINE
c017dc72-0832-4c7e-b9a7-09e89397de50,ONLINE
c0c8b56d-978e-43c7-a7d7-0d43b6a36dc5,ONLINE
c4c81ef1-6776-448d-9772-349b98866c81,ONLINE
c53eea7d-128e-4535-8f72-02177b1fa8a1,ONLINE
c5dc790c-e848-4117-9a08-773b2040fbca,ONLINE
c6ab8b38-7cc1-48dd-913f-cedd4a9ab5be,ONLINE
c71e1ff3-5252-4114-8987-3f56a79b5453,ONLINE
c96e222d-ba9b-4dff-a26a-020f63b9c39e,ONLINE
c9d562fc-9989-4093-9e43-7e5271a2ff02,ONLINE
ca6439bf-9875-4ee3-9d11-7c58e696fe94,ONLINE
cf058832-483a-4905-a5e1-173232d48e24,ONLINE
d0bc656e-a984-4678-a7fc-e6938631733c,ONLINE
d14e127e-dfd6-45d3-a047-b1249d4ebf59,ONLINE
d1f4bbec-e2f1-4d60-9700-42d9c1de1d17,ONLINE
d4359c1f-71e8-42fa-a90c-c0c01cb57094,ONLINE
d5415b3c-3e47-4d50-a8d7-dbced656146e,ONLINE
d60fbc1d-5835-4f3f-a2a2-3aca0ed738eb,ONLINE
d61d5e09-bdde-4249-ac95-5d2c7255c578,ONLINE
d7fb2097-b4ac-4eb9-bb7b-ceaec6e8e6cd,ONLINE
dd612e1c-4855-49b5-b327-418fedb61c87,ONLINE
de1a0863-aab6-4715-86aa-5125626bcdf2,ONLINE
df7cc6e8-284f-41cb-87d5-0a7fd0b751bb,ONLINE
e31bc5fa-34a8-44c1-98b9-1f709000cf2a,ONLINE
e4b3a374-abf3-4617-aa76-bbf64aa206f5,ONLINE
e9a0a63c-82fe-4385-a0ae-a5aed6b59e75,ONLINE
ea846c84-0eb2-44d4-8531-4bc06608c587,ONLINE
f0dabbcb-d7cc-4742-8763-7c0e3d7a84cd,ONLINE
f4b0dfa3-b2e3-4ea0-9ca4-d587b5b26421,ONLINE
f6fcb177-503e-4197-93c4-ae785934a333,ONLINE
fa45b71b-a496-40f1-9337-f72a535ec2c7,ONLINE
fd6496b8-ffd1-4842-a256-1c2f3649c395,ONLINE
